scope,image_id,ablation,lighting,scale_factor,blur_sigma,noise_sigma,source_type,method,frequency_filter,pyramid_levels,nms,repeatability,matching_accuracy,localization_error_px,matching_error_px,runtime_ms,reference_keypoints,scene_keypoints,raw_reference_keypoints,raw_scene_keypoints,repeated_points,accepted_matches,correct_matches
ablation,syn_01,full,neutral,0.96,0.0,1.0,synthetic_procedural,Sobel,gaussian_lowpass,3,True,0.25,0.42857142857142855,1.3967363834381104,324.26953125,385.9509999999773,220,220,220,220,55,14,6
ablation,syn_01,full,neutral,0.96,0.0,1.0,synthetic_procedural,LoG,gaussian_lowpass,3,True,0.5772727272727273,0.7857142857142857,1.4766664505004883,0.6847857236862183,425.1332999999704,220,220,220,220,127,14,11
ablation,syn_01,full,neutral,0.96,0.0,1.0,synthetic_procedural,Harris,gaussian_lowpass,3,True,0.8727272727272727,0.9844961240310077,0.6520756483078003,0.6556013822555542,389.237600000115,220,220,220,220,192,129,127
ablation,syn_01,full,neutral,0.96,0.0,1.0,synthetic_procedural,Shi-Tomasi,gaussian_lowpass,3,True,0.8454545454545455,0.9705882352941176,0.7062069177627563,0.6993860602378845,379.9326999999266,220,220,220,220,186,136,132
ablation,syn_01,full,neutral,0.96,0.0,1.0,synthetic_procedural,SIFT,gaussian_lowpass,3,True,0.8590909090909091,0.8823529411764706,0.28055471181869507,0.31942835450172424,711.6344000000936,220,220,220,220,189,119,105
ablation,syn_01,no_pyramid,neutral,0.96,0.0,1.0,synthetic_procedural,Sobel,gaussian_lowpass,1,True,0.21333333333333335,0.42857142857142855,0.8767904937267303,324.26953125,317.0100000002094,150,220,150,220,32,14,6
ablation,syn_01,no_pyramid,neutral,0.96,0.0,1.0,synthetic_procedural,LoG,gaussian_lowpass,1,True,0.6739130434782609,1.0,1.133855402469635,0.5154266357421875,309.9675999999363,92,220,92,220,62,11,11
ablation,syn_01,no_pyramid,neutral,0.96,0.0,1.0,synthetic_procedural,Harris,gaussian_lowpass,1,True,0.8863636363636364,0.9829059829059829,0.5304118394851685,0.5164369940757751,327.2273000000041,220,220,220,220,195,117,115
ablation,syn_01,no_pyramid,neutral,0.96,0.0,1.0,synthetic_procedural,Shi-Tomasi,gaussian_lowpass,1,True,0.8636363636363636,1.0,0.5369111895561218,0.5291353464126587,316.1927999999534,220,220,220,220,190,115,115
ablation,syn_01,no_pyramid,neutral,0.96,0.0,1.0,synthetic_procedural,SIFT,gaussian_lowpass,1,True,0.8116883116883117,0.881578947368421,0.20286250114440918,0.18823552131652832,517.1899000001758,154,158,154,158,125,76,67
ablation,syn_01,no_frequency,neutral,0.96,0.0,1.0,synthetic_procedural,Sobel,none,3,True,0.36818181818181817,0.9130434782608695,1.941998839378357,1.244399905204773,159.93639999987863,220,220,220,220,81,46,42
ablation,syn_01,no_frequency,neutral,0.96,0.0,1.0,synthetic_procedural,LoG,none,3,True,0.7181818181818181,1.0,0.5800849199295044,0.4969530999660492,135.93709999986459,220,220,220,220,158,112,112
ablation,syn_01,no_frequency,neutral,0.96,0.0,1.0,synthetic_procedural,Harris,none,3,True,0.759090909090909,1.0,0.47864681482315063,0.3823895752429962,135.52420000019083,220,220,220,220,167,116,116
ablation,syn_01,no_frequency,neutral,0.96,0.0,1.0,synthetic_procedural,Shi-Tomasi,none,3,True,0.8409090909090909,1.0,0.6241270899772644,0.49643436074256897,132.51999999988584,220,220,220,220,185,128,128
ablation,syn_01,no_frequency,neutral,0.96,0.0,1.0,synthetic_procedural,SIFT,none,3,True,0.7363636363636363,0.7580645161290323,0.22303633391857147,0.3084939420223236,717.2292999998717,220,220,220,220,162,62,47
ablation,syn_01,no_nms,neutral,0.96,0.0,1.0,synthetic_procedural,Sobel,gaussian_lowpass,3,False,0.13636363636363635,0.5769230769230769,0.18289396911859512,0.3253517150878906,327.6425999999901,220,220,220,220,30,26,15
ablation,syn_01,no_nms,neutral,0.96,0.0,1.0,synthetic_procedural,LoG,gaussian_lowpass,3,False,0.14545454545454545,0.25,0.4599345922470093,345.8698425292969,326.8780999999308,220,220,220,220,32,4,1
ablation,syn_01,no_nms,neutral,0.96,0.0,1.0,synthetic_procedural,Harris,gaussian_lowpass,3,False,0.7954545454545454,0.958904109589041,0.46563562750816345,0.44734054803848267,369.3199000001641,220,220,220,220,175,73,70
ablation,syn_01,no_nms,neutral,0.96,0.0,1.0,synthetic_procedural,Shi-Tomasi,gaussian_lowpass,3,False,0.759090909090909,1.0,0.5505426526069641,0.5156287550926208,343.8717000001361,220,220,220,220,167,78,78
ablation,syn_01,no_nms,neutral,0.96,0.0,1.0,synthetic_procedural,SIFT,gaussian_lowpass,3,False,0.6818181818181818,0.9545454545454546,0.17863691598176956,0.15542614459991455,631.6425999998501,220,220,220,220,150,88,84
ablation,syn_02,full,warm_gradient,1.02,0.5,2.0,synthetic_procedural,Sobel,gaussian_lowpass,3,True,0.4818181818181818,0.8,1.131486713886261,0.924342930316925,360.18839999997,220,220,220,220,106,15,12
ablation,syn_02,full,warm_gradient,1.02,0.5,2.0,synthetic_procedural,LoG,gaussian_lowpass,3,True,0.5590909090909091,0.8,1.5008641481399536,0.5050249695777893,375.4744000000301,220,220,220,220,123,10,8
ablation,syn_02,full,warm_gradient,1.02,0.5,2.0,synthetic_procedural,Harris,gaussian_lowpass,3,True,0.8954545454545455,0.9802631578947368,0.6319666504859924,0.6239258050918579,355.99470000011024,220,220,220,220,197,152,149
ablation,syn_02,full,warm_gradient,1.02,0.5,2.0,synthetic_procedural,Shi-Tomasi,gaussian_lowpass,3,True,0.8409090909090909,0.9928057553956835,0.6573042273521423,0.6573042273521423,375.0345000000834,220,220,220,220,185,139,138
ablation,syn_02,full,warm_gradient,1.02,0.5,2.0,synthetic_procedural,SIFT,gaussian_lowpass,3,True,0.8181818181818182,0.9245283018867925,0.2117391675710678,0.23448282480239868,689.1288000001623,220,220,220,220,180,106,98
ablation,syn_02,no_pyramid,warm_gradient,1.02,0.5,2.0,synthetic_procedural,Sobel,gaussian_lowpass,1,True,0.5033557046979866,0.8571428571428571,0.8491038084030151,0.873222291469574,271.30670000019563,149,220,149,220,75,14,12
ablation,syn_02,no_pyramid,warm_gradient,1.02,0.5,2.0,synthetic_procedural,LoG,gaussian_lowpass,1,True,0.6739130434782609,0.8888888888888888,1.2192112803459167,0.38599905371665955,290.62789999989036,92,220,92,220,62,9,8
ablation,syn_02,no_pyramid,warm_gradient,1.02,0.5,2.0,synthetic_procedural,Harris,gaussian_lowpass,1,True,0.8818181818181818,1.0,0.5412492454051971,0.47947412729263306,302.27460000014617,220,220,220,220,194,142,142
ablation,syn_02,no_pyramid,warm_gradient,1.02,0.5,2.0,synthetic_procedural,Shi-Tomasi,gaussian_lowpass,1,True,0.8727272727272727,1.0,0.5318009257316589,0.48660367727279663,299.5425999999952,220,220,220,220,192,136,136
ablation,syn_02,no_pyramid,warm_gradient,1.02,0.5,2.0,synthetic_procedural,SIFT,gaussian_lowpass,1,True,0.8013245033112583,0.9014084507042254,0.1376948058605194,0.13164015114307404,571.8075999998291,151,162,151,162,121,71,64
ablation,syn_02,no_frequency,warm_gradient,1.02,0.5,2.0,synthetic_procedural,Sobel,none,3,True,0.3181818181818182,0.7297297297297297,2.0473564863204956,1.5783809423446655,162.47539999994842,220,220,220,220,70,37,27
ablation,syn_02,no_frequency,warm_gradient,1.02,0.5,2.0,synthetic_procedural,LoG,none,3,True,0.6818181818181818,0.9833333333333333,0.5603074729442596,0.5089844465255737,156.09199999994416,220,220,220,220,150,120,118
ablation,syn_02,no_frequency,warm_gradient,1.02,0.5,2.0,synthetic_procedural,Harris,none,3,True,0.8045454545454546,1.0,0.4796711206436157,0.3940350115299225,154.33020000000397,220,220,220,220,177,130,130
ablation,syn_02,no_frequency,warm_gradient,1.02,0.5,2.0,synthetic_procedural,Shi-Tomasi,none,3,True,0.8045454545454546,0.9694656488549618,0.6441096663475037,0.5783312916755676,126.45279999992454,220,220,220,220,177,131,127
ablation,syn_02,no_frequency,warm_gradient,1.02,0.5,2.0,synthetic_procedural,SIFT,none,3,True,0.6772727272727272,0.8076923076923077,0.39218267798423767,0.3638795018196106,678.6845999999969,220,220,220,220,149,52,42
ablation,syn_02,no_nms,warm_gradient,1.02,0.5,2.0,synthetic_procedural,Sobel,gaussian_lowpass,3,False,0.06818181818181818,1.0,0.24966976046562195,0.24966976046562195,335.00019999996766,220,220,220,220,15,3,3
ablation,syn_02,no_nms,warm_gradient,1.02,0.5,2.0,synthetic_procedural,LoG,gaussian_lowpass,3,False,0.35,0.75,0.5950407981872559,0.3034278154373169,346.0192999998526,220,220,220,220,77,4,3
ablation,syn_02,no_nms,warm_gradient,1.02,0.5,2.0,synthetic_procedural,Harris,gaussian_lowpass,3,False,0.7363636363636363,1.0,0.4339834898710251,0.36200085282325745,356.9055999998909,220,220,220,220,162,87,87
ablation,syn_02,no_nms,warm_gradient,1.02,0.5,2.0,synthetic_procedural,Shi-Tomasi,gaussian_lowpass,3,False,0.7454545454545455,1.0,0.5048088729381561,0.45857375860214233,381.3677999999072,220,220,220,220,164,105,105
ablation,syn_02,no_nms,warm_gradient,1.02,0.5,2.0,synthetic_procedural,SIFT,gaussian_lowpass,3,False,0.7181818181818181,0.9659090909090909,0.13341443240642548,0.10074996948242188,732.864999999947,220,220,220,220,158,88,85
ablation,syn_03,full,cool_side_light,0.9,0.8,4.0,synthetic_procedural,Sobel,gaussian_lowpass,3,True,0.4,0.8235294117647058,1.4818214178085327,1.2925227880477905,422.9373000000578,220,220,220,220,88,17,14
ablation,syn_03,full,cool_side_light,0.9,0.8,4.0,synthetic_procedural,LoG,gaussian_lowpass,3,True,0.41363636363636364,0.5555555555555556,1.648869276046753,2.4697647094726562,429.76180000005115,220,220,220,220,91,9,5
ablation,syn_03,full,cool_side_light,0.9,0.8,4.0,synthetic_procedural,Harris,gaussian_lowpass,3,True,0.7681818181818182,1.0,0.9376679062843323,0.7764939665794373,383.03659999996853,220,220,220,220,169,114,114
ablation,syn_03,full,cool_side_light,0.9,0.8,4.0,synthetic_procedural,Shi-Tomasi,gaussian_lowpass,3,True,0.7636363636363637,0.9797979797979798,0.9674363136291504,0.784919261932373,364.82539999997243,220,220,220,220,168,99,97
ablation,syn_03,full,cool_side_light,0.9,0.8,4.0,synthetic_procedural,SIFT,gaussian_lowpass,3,True,0.759090909090909,0.9204545454545454,0.44660326838493347,0.3794306516647339,639.4735000001219,220,220,220,220,167,88,81
ablation,syn_03,no_pyramid,cool_side_light,0.9,0.8,4.0,synthetic_procedural,Sobel,gaussian_lowpass,1,True,0.3333333333333333,0.8461538461538461,1.2512729167938232,1.0950596332550049,261.7977999998402,150,220,150,220,50,13,11
ablation,syn_03,no_pyramid,cool_side_light,0.9,0.8,4.0,synthetic_procedural,LoG,gaussian_lowpass,1,True,0.42391304347826086,0.7142857142857143,1.4963786602020264,1.648869276046753,263.79180000003544,92,220,92,220,39,7,5
ablation,syn_03,no_pyramid,cool_side_light,0.9,0.8,4.0,synthetic_procedural,Harris,gaussian_lowpass,1,True,0.7681818181818182,0.9896907216494846,0.9787664413452148,0.7644726634025574,303.49930000011227,220,220,220,220,169,97,96
ablation,syn_03,no_pyramid,cool_side_light,0.9,0.8,4.0,synthetic_procedural,Shi-Tomasi,gaussian_lowpass,1,True,0.7136363636363636,1.0,0.84285968542099,0.6959317326545715,290.46180000000277,220,220,220,220,157,85,85
ablation,syn_03,no_pyramid,cool_side_light,0.9,0.8,4.0,synthetic_procedural,SIFT,gaussian_lowpass,1,True,0.6753246753246753,0.9444444444444444,0.36942894756793976,0.2873130440711975,485.3473999999096,154,154,154,154,104,54,51
ablation,syn_03,no_frequency,cool_side_light,0.9,0.8,4.0,synthetic_procedural,Sobel,none,3,True,0.2,0.8666666666666667,1.9009516835212708,1.812199354171753,139.58200000001852,220,220,220,220,44,15,13
ablation,syn_03,no_frequency,cool_side_light,0.9,0.8,4.0,synthetic_procedural,LoG,none,3,True,0.07727272727272727,1.0,0.6141663193702698,0.4062473177909851,140.21339999999327,220,220,220,220,17,6,6
ablation,syn_03,no_frequency,cool_side_light,0.9,0.8,4.0,synthetic_procedural,Harris,none,3,True,0.6772727272727272,1.0,0.615203857421875,0.4194467067718506,140.23740000016005,220,220,220,220,149,66,66
ablation,syn_03,no_frequency,cool_side_light,0.9,0.8,4.0,synthetic_procedural,Shi-Tomasi,none,3,True,0.6818181818181818,0.95,0.8671824038028717,0.6033826470375061,128.2837000001109,220,220,220,220,150,60,57
ablation,syn_03,no_frequency,cool_side_light,0.9,0.8,4.0,synthetic_procedural,SIFT,none,3,True,0.45454545454545453,0.8620689655172413,0.47289322316646576,0.3704056739807129,716.4543999999751,220,220,220,220,100,29,25
ablation,syn_03,no_nms,cool_side_light,0.9,0.8,4.0,synthetic_procedural,Sobel,gaussian_lowpass,3,False,0.03636363636363636,1.0,0.27431290596723557,0.9071462750434875,344.31130000007215,220,220,220,220,8,5,5
ablation,syn_03,no_nms,cool_side_light,0.9,0.8,4.0,synthetic_procedural,LoG,gaussian_lowpass,3,False,0.0,0.0,nan,418.0460205078125,304.9094000000423,220,220,220,220,0,3,0
ablation,syn_03,no_nms,cool_side_light,0.9,0.8,4.0,synthetic_procedural,Harris,gaussian_lowpass,3,False,0.4909090909090909,1.0,0.6120251417160034,0.5039896965026855,305.88699999998425,220,220,220,220,108,26,26
ablation,syn_03,no_nms,cool_side_light,0.9,0.8,4.0,synthetic_procedural,Shi-Tomasi,gaussian_lowpass,3,False,0.6863636363636364,1.0,0.6259588599205017,0.5632568597793579,297.1216999999342,220,220,220,220,151,39,39
ablation,syn_03,no_nms,cool_side_light,0.9,0.8,4.0,synthetic_procedural,SIFT,gaussian_lowpass,3,False,0.6181818181818182,0.9705882352941176,0.3191178888082504,0.3193134367465973,557.8789000001052,220,220,220,220,136,68,66
ablation,syn_04,full,low_light_noise,1.06,1.2,8.0,synthetic_procedural,Sobel,gaussian_lowpass,3,True,0.4590909090909091,0.75,1.2063827514648438,1.0101091861724854,276.4024000000518,220,220,220,220,101,12,9
ablation,syn_04,full,low_light_noise,1.06,1.2,8.0,synthetic_procedural,LoG,gaussian_lowpass,3,True,0.5818181818181818,1.0,1.588581383228302,0.36564645171165466,309.59120000011353,220,220,220,220,128,8,8
ablation,syn_04,full,low_light_noise,1.06,1.2,8.0,synthetic_procedural,Harris,gaussian_lowpass,3,True,0.8363636363636363,1.0,0.7990727126598358,0.7110521197319031,322.1072000001186,220,220,220,220,184,137,137
ablation,syn_04,full,low_light_noise,1.06,1.2,8.0,synthetic_procedural,Shi-Tomasi,gaussian_lowpass,3,True,0.85,1.0,0.9125080704689026,0.7628355026245117,281.4421000000493,220,220,220,220,187,126,126
ablation,syn_04,full,low_light_noise,1.06,1.2,8.0,synthetic_procedural,SIFT,gaussian_lowpass,3,True,0.8363636363636363,0.9313725490196079,0.3446706682443619,0.33658576011657715,562.8259000000071,220,220,220,220,184,102,95
ablation,syn_04,no_pyramid,low_light_noise,1.06,1.2,8.0,synthetic_procedural,Sobel,gaussian_lowpass,1,True,0.4563758389261745,0.75,1.0101092457771301,1.0101091861724854,214.77869999989707,149,220,149,220,68,12,9
ablation,syn_04,no_pyramid,low_light_noise,1.06,1.2,8.0,synthetic_procedural,LoG,gaussian_lowpass,1,True,0.6413043478260869,1.0,1.361341953277588,0.36564645171165466,202.46309999993173,92,220,92,220,59,8,8
ablation,syn_04,no_pyramid,low_light_noise,1.06,1.2,8.0,synthetic_procedural,Harris,gaussian_lowpass,1,True,0.8045454545454546,0.9916666666666667,0.8031262159347534,0.67576003074646,231.84330000003683,220,220,220,220,177,120,119
ablation,syn_04,no_pyramid,low_light_noise,1.06,1.2,8.0,synthetic_procedural,Shi-Tomasi,gaussian_lowpass,1,True,0.8363636363636363,1.0,0.8385682106018066,0.7288297414779663,231.50289999989582,220,220,220,220,184,117,117
ablation,syn_04,no_pyramid,low_light_noise,1.06,1.2,8.0,synthetic_procedural,SIFT,gaussian_lowpass,1,True,0.7880794701986755,0.9242424242424242,0.21184130012989044,0.19374480843544006,457.9713000000538,151,164,151,164,119,66,61
ablation,syn_04,no_frequency,low_light_noise,1.06,1.2,8.0,synthetic_procedural,Sobel,none,3,True,0.08636363636363636,0.8333333333333334,2.146296501159668,2.2337138652801514,121.02730000015072,220,220,220,220,19,12,10
ablation,syn_04,no_frequency,low_light_noise,1.06,1.2,8.0,synthetic_procedural,LoG,none,3,True,0.29545454545454547,1.0,0.8453409671783447,0.7510893940925598,131.9232999999258,220,220,220,220,65,33,33
ablation,syn_04,no_frequency,low_light_noise,1.06,1.2,8.0,synthetic_procedural,Harris,none,3,True,0.7045454545454546,0.9875,0.8728578686714172,0.6381450891494751,141.54450000000907,220,220,220,220,155,80,79
ablation,syn_04,no_frequency,low_light_noise,1.06,1.2,8.0,synthetic_procedural,Shi-Tomasi,none,3,True,0.7545454545454545,0.9690721649484536,0.8882051408290863,0.6807287335395813,144.1423000001123,220,220,220,220,166,97,94
ablation,syn_04,no_frequency,low_light_noise,1.06,1.2,8.0,synthetic_procedural,SIFT,none,3,True,0.509090909090909,0.8846153846153846,0.5989250540733337,0.4565935432910919,721.8524999998408,220,220,220,220,112,26,23
ablation,syn_04,no_nms,low_light_noise,1.06,1.2,8.0,synthetic_procedural,Sobel,gaussian_lowpass,3,False,0.14545454545454545,nan,0.3915266692638397,nan,326.0606999999709,220,220,220,220,32,0,0
ablation,syn_04,no_nms,low_light_noise,1.06,1.2,8.0,synthetic_procedural,LoG,gaussian_lowpass,3,False,0.1318181818181818,1.0,0.6340053677558899,0.36564645171165466,329.0368000000399,220,220,220,220,29,2,2
ablation,syn_04,no_nms,low_light_noise,1.06,1.2,8.0,synthetic_procedural,Harris,gaussian_lowpass,3,False,0.65,1.0,0.5021982192993164,0.49303269386291504,363.42289999993227,220,220,220,220,143,52,52
ablation,syn_04,no_nms,low_light_noise,1.06,1.2,8.0,synthetic_procedural,Shi-Tomasi,gaussian_lowpass,3,False,0.7272727272727273,1.0,0.5649629533290863,0.4939126968383789,383.0930999999964,220,220,220,220,160,63,63
ablation,syn_04,no_nms,low_light_noise,1.06,1.2,8.0,synthetic_procedural,SIFT,gaussian_lowpass,3,False,0.6772727272727272,1.0,0.2003992348909378,0.19661228358745575,618.5668000000533,220,220,220,220,149,85,85
ablation,syn_05,full,mixed_light,0.98,0.4,3.0,synthetic_procedural,Sobel,gaussian_lowpass,3,True,0.42727272727272725,0.967741935483871,1.2899520993232727,0.7901914119720459,394.5059999998648,220,220,220,220,94,31,30
ablation,syn_05,full,mixed_light,0.98,0.4,3.0,synthetic_procedural,LoG,gaussian_lowpass,3,True,0.5727272727272728,0.7272727272727273,1.4749146103858948,0.8782151341438293,421.7556999999488,220,220,220,220,126,11,8
ablation,syn_05,full,mixed_light,0.98,0.4,3.0,synthetic_procedural,Harris,gaussian_lowpass,3,True,0.8772727272727273,1.0,0.6349597573280334,0.6161580681800842,404.56140000014784,220,220,220,220,193,141,141
ablation,syn_05,full,mixed_light,0.98,0.4,3.0,synthetic_procedural,Shi-Tomasi,gaussian_lowpass,3,True,0.8545454545454545,0.9850746268656716,0.6866984665393829,0.645168125629425,360.5448000000706,220,220,220,220,188,134,132
ablation,syn_05,full,mixed_light,0.98,0.4,3.0,synthetic_procedural,SIFT,gaussian_lowpass,3,True,0.8772727272727273,0.9495798319327731,0.2293039709329605,0.20855265855789185,745.2183000000332,220,220,220,220,193,119,113
ablation,syn_05,no_pyramid,mixed_light,0.98,0.4,3.0,synthetic_procedural,Sobel,gaussian_lowpass,1,True,0.23333333333333334,0.9,0.8436604738235474,0.7044486999511719,284.17590000003656,150,179,150,179,35,10,9
ablation,syn_05,no_pyramid,mixed_light,0.98,0.4,3.0,synthetic_procedural,LoG,gaussian_lowpass,1,True,0.6521739130434783,0.8,1.3676432967185974,0.8401159048080444,278.4387000001516,92,220,92,220,60,10,8
ablation,syn_05,no_pyramid,mixed_light,0.98,0.4,3.0,synthetic_procedural,Harris,gaussian_lowpass,1,True,0.8818181818181818,0.9844961240310077,0.5100795030593872,0.4969554543495178,309.04309999982615,220,220,220,220,194,129,127
ablation,syn_05,no_pyramid,mixed_light,0.98,0.4,3.0,synthetic_procedural,Shi-Tomasi,gaussian_lowpass,1,True,0.8636363636363636,0.992,0.5620531737804413,0.5612888932228088,301.06309999996483,220,220,220,220,190,125,124
ablation,syn_05,no_pyramid,mixed_light,0.98,0.4,3.0,synthetic_procedural,SIFT,gaussian_lowpass,1,True,0.8376623376623377,0.961038961038961,0.15744952857494354,0.11022382229566574,525.3359999999248,154,158,154,158,129,77,74
ablation,syn_05,no_frequency,mixed_light,0.98,0.4,3.0,synthetic_procedural,Sobel,none,3,True,0.37272727272727274,0.8888888888888888,2.3865848779678345,0.8467464447021484,134.7338000000491,220,220,220,220,82,36,32
ablation,syn_05,no_frequency,mixed_light,0.98,0.4,3.0,synthetic_procedural,LoG,none,3,True,0.6772727272727272,1.0,0.5390335321426392,0.48679959774017334,154.48140000012245,220,220,220,220,149,114,114
ablation,syn_05,no_frequency,mixed_light,0.98,0.4,3.0,synthetic_procedural,Harris,none,3,True,0.7272727272727273,1.0,0.5315681099891663,0.427935391664505,147.37029999992046,220,220,220,220,160,107,107
ablation,syn_05,no_frequency,mixed_light,0.98,0.4,3.0,synthetic_procedural,Shi-Tomasi,none,3,True,0.7818181818181819,1.0,0.592915415763855,0.528242290019989,136.90950000000157,220,220,220,220,172,121,121
ablation,syn_05,no_frequency,mixed_light,0.98,0.4,3.0,synthetic_procedural,SIFT,none,3,True,0.6863636363636364,0.8363636363636363,0.2561236619949341,0.27054622769355774,658.9596000001166,220,220,220,220,151,55,46
ablation,syn_05,no_nms,mixed_light,0.98,0.4,3.0,synthetic_procedural,Sobel,gaussian_lowpass,3,False,0.23636363636363636,1.0,0.3350483179092407,0.3092264235019684,342.4098000000413,220,220,220,220,52,17,17
ablation,syn_05,no_nms,mixed_light,0.98,0.4,3.0,synthetic_procedural,LoG,gaussian_lowpass,3,False,0.2727272727272727,0.75,0.47656024992465973,0.41109499335289,301.4365999999882,220,220,220,220,60,4,3
ablation,syn_05,no_nms,mixed_light,0.98,0.4,3.0,synthetic_procedural,Harris,gaussian_lowpass,3,False,0.6545454545454545,1.0,0.49441465735435486,0.4175749123096466,358.6023000000296,220,220,220,220,144,65,65
ablation,syn_05,no_nms,mixed_light,0.98,0.4,3.0,synthetic_procedural,Shi-Tomasi,gaussian_lowpass,3,False,0.75,1.0,0.4947126805782318,0.40658479928970337,381.44489999990583,220,220,220,220,165,89,89
ablation,syn_05,no_nms,mixed_light,0.98,0.4,3.0,synthetic_procedural,SIFT,gaussian_lowpass,3,False,0.6863636363636364,0.9560439560439561,0.13828308880329132,0.08975699543952942,681.9138999999268,220,220,220,220,151,91,87
ablation,syn_06,full,shadow_band,0.86,1.6,10.0,synthetic_procedural,Sobel,gaussian_lowpass,3,True,0.21818181818181817,0.5714285714285714,1.5075880885124207,2.5022528171539307,326.2778000000708,220,220,220,220,48,7,4
ablation,syn_06,full,shadow_band,0.86,1.6,10.0,synthetic_procedural,LoG,gaussian_lowpass,3,True,0.3090909090909091,0.0,1.6177030205726624,9.83635425567627,323.8850000000184,220,220,220,220,68,1,0
ablation,syn_06,full,shadow_band,0.86,1.6,10.0,synthetic_procedural,Harris,gaussian_lowpass,3,True,0.6681818181818182,0.8548387096774194,1.8211872577667236,1.3877160549163818,338.23549999988245,220,220,220,220,147,62,53
ablation,syn_06,full,shadow_band,0.86,1.6,10.0,synthetic_procedural,Shi-Tomasi,gaussian_lowpass,3,True,0.6363636363636364,0.8723404255319149,1.9048871397972107,1.7383453845977783,319.97290000003886,220,220,220,220,140,47,41
ablation,syn_06,full,shadow_band,0.86,1.6,10.0,synthetic_procedural,SIFT,gaussian_lowpass,3,True,0.6818181818181818,0.8243243243243243,0.8218339383602142,0.8411169052124023,582.6363999999558,220,220,220,220,150,74,61
ablation,syn_06,no_pyramid,shadow_band,0.86,1.6,10.0,synthetic_procedural,Sobel,gaussian_lowpass,1,True,0.08053691275167785,0.6,1.2582107484340668,1.573196530342102,255.2006999999321,149,220,149,220,12,5,3
ablation,syn_06,no_pyramid,shadow_band,0.86,1.6,10.0,synthetic_procedural,LoG,gaussian_lowpass,1,True,0.14130434782608695,nan,1.545185923576355,nan,257.37819999994827,92,220,92,220,13,0,0
ablation,syn_06,no_pyramid,shadow_band,0.86,1.6,10.0,synthetic_procedural,Harris,gaussian_lowpass,1,True,0.6318181818181818,0.8809523809523809,2.752394437789917,1.3848309516906738,275.5440999999337,220,220,220,220,139,42,37
ablation,syn_06,no_pyramid,shadow_band,0.86,1.6,10.0,synthetic_procedural,Shi-Tomasi,gaussian_lowpass,1,True,0.6181818181818182,0.8837209302325582,1.930491328239441,1.465653896331787,254.20320000011998,220,220,220,220,136,43,38
ablation,syn_06,no_pyramid,shadow_band,0.86,1.6,10.0,synthetic_procedural,SIFT,gaussian_lowpass,1,True,0.5570469798657718,0.8157894736842105,0.6920762062072754,0.48439961671829224,464.6714000000429,151,149,151,149,83,38,31
ablation,syn_06,no_frequency,shadow_band,0.86,1.6,10.0,synthetic_procedural,Sobel,none,3,True,0.06363636363636363,0.75,2.1009888648986816,1.7920029163360596,124.34320000011212,220,220,220,220,14,8,6
ablation,syn_06,no_frequency,shadow_band,0.86,1.6,10.0,synthetic_procedural,LoG,none,3,True,0.03636363636363636,1.0,0.7724608480930328,1.4292452335357666,152.93910000013966,220,220,220,220,8,2,2
ablation,syn_06,no_frequency,shadow_band,0.86,1.6,10.0,synthetic_procedural,Harris,none,3,True,0.5636363636363636,0.8421052631578947,1.8903239369392395,1.3289984464645386,165.60980000008385,220,220,220,220,124,19,16
ablation,syn_06,no_frequency,shadow_band,0.86,1.6,10.0,synthetic_procedural,Shi-Tomasi,none,3,True,0.6318181818181818,1.0,1.670605182647705,1.599124789237976,127.56439999998292,220,220,220,220,139,14,14
ablation,syn_06,no_frequency,shadow_band,0.86,1.6,10.0,synthetic_procedural,SIFT,none,3,True,0.37727272727272726,0.9285714285714286,1.2984498739242554,0.3213810622692108,756.4072000000124,220,220,220,220,83,14,13
ablation,syn_06,no_nms,shadow_band,0.86,1.6,10.0,synthetic_procedural,Sobel,gaussian_lowpass,3,False,0.004545454545454545,nan,0.26336798071861267,nan,352.31419999990976,220,220,220,220,1,0,0
ablation,syn_06,no_nms,shadow_band,0.86,1.6,10.0,synthetic_procedural,LoG,gaussian_lowpass,3,False,0.0,nan,nan,nan,359.46610000019064,220,220,220,220,0,0,0
ablation,syn_06,no_nms,shadow_band,0.86,1.6,10.0,synthetic_procedural,Harris,gaussian_lowpass,3,False,0.33636363636363636,0.8571428571428571,0.9149667322635651,0.37498798966407776,405.5329999998776,220,220,220,220,74,7,6
ablation,syn_06,no_nms,shadow_band,0.86,1.6,10.0,synthetic_procedural,Shi-Tomasi,gaussian_lowpass,3,False,0.5409090909090909,1.0,0.6810293197631836,0.5661340355873108,348.3346000000438,220,220,220,220,119,10,10
ablation,syn_06,no_nms,shadow_band,0.86,1.6,10.0,synthetic_procedural,SIFT,gaussian_lowpass,3,False,0.5318181818181819,0.88,0.5303622484207153,0.47373518347740173,641.7738000000099,220,220,220,220,117,50,44
ablation,syn_07,full,bright_center,1.04,0.3,1.5,synthetic_procedural,Sobel,gaussian_lowpass,3,True,0.34545454545454546,0.6363636363636364,1.4987975358963013,1.2609822750091553,381.1046000000715,220,220,220,220,76,11,7
ablation,syn_07,full,bright_center,1.04,0.3,1.5,synthetic_procedural,LoG,gaussian_lowpass,3,True,0.5681818181818182,0.75,1.324798345565796,0.8766188621520996,395.08809999983896,220,220,220,220,125,12,9
ablation,syn_07,full,bright_center,1.04,0.3,1.5,synthetic_procedural,Harris,gaussian_lowpass,3,True,0.8818181818181818,0.9785714285714285,0.5914782881736755,0.5663625001907349,345.38899999984096,220,220,220,220,194,140,137
ablation,syn_07,full,bright_center,1.04,0.3,1.5,synthetic_procedural,Shi-Tomasi,gaussian_lowpass,3,True,0.8454545454545455,0.9859154929577465,0.6437216699123383,0.6868542432785034,311.725000000024,220,220,220,220,186,142,140
ablation,syn_07,full,bright_center,1.04,0.3,1.5,synthetic_procedural,SIFT,gaussian_lowpass,3,True,0.8363636363636363,0.9278350515463918,0.2377563714981079,0.22425603866577148,564.233300000069,220,220,220,220,184,97,90
ablation,syn_07,no_pyramid,bright_center,1.04,0.3,1.5,synthetic_procedural,Sobel,gaussian_lowpass,1,True,0.29333333333333333,0.6,1.3239405155181885,1.5344982147216797,219.83320000003914,150,220,150,220,44,10,6
ablation,syn_07,no_pyramid,bright_center,1.04,0.3,1.5,synthetic_procedural,LoG,gaussian_lowpass,1,True,0.6956521739130435,1.0,1.19960218667984,0.4876064956188202,212.26049999995666,92,220,92,220,64,9,9
ablation,syn_07,no_pyramid,bright_center,1.04,0.3,1.5,synthetic_procedural,Harris,gaussian_lowpass,1,True,0.8636363636363636,0.9851851851851852,0.5236049890518188,0.523501455783844,220.13429999992695,220,220,220,220,190,135,133
ablation,syn_07,no_pyramid,bright_center,1.04,0.3,1.5,synthetic_procedural,Shi-Tomasi,gaussian_lowpass,1,True,0.8681818181818182,1.0,0.5606233477592468,0.5257455706596375,226.314800000182,220,220,220,220,191,133,133
ablation,syn_07,no_pyramid,bright_center,1.04,0.3,1.5,synthetic_procedural,SIFT,gaussian_lowpass,1,True,0.7828947368421053,0.8923076923076924,0.159257709980011,0.14365525543689728,429.00059999988116,154,152,154,152,119,65,58
ablation,syn_07,no_frequency,bright_center,1.04,0.3,1.5,synthetic_procedural,Sobel,none,3,True,0.2909090909090909,0.9166666666666666,2.3312209844589233,0.775678277015686,127.10859999992863,220,220,220,220,64,24,22
ablation,syn_07,no_frequency,bright_center,1.04,0.3,1.5,synthetic_procedural,LoG,none,3,True,0.7272727272727273,1.0,0.5516303777694702,0.4598028361797333,120.8225999998831,220,220,220,220,160,120,120
ablation,syn_07,no_frequency,bright_center,1.04,0.3,1.5,synthetic_procedural,Harris,none,3,True,0.7681818181818182,1.0,0.6311913728713989,0.3718785047531128,120.34640000001673,220,220,220,220,169,102,102
ablation,syn_07,no_frequency,bright_center,1.04,0.3,1.5,synthetic_procedural,Shi-Tomasi,none,3,True,0.8,0.9924812030075187,0.5305368602275848,0.43195465207099915,112.77659999996104,220,220,220,220,176,133,132
ablation,syn_07,no_frequency,bright_center,1.04,0.3,1.5,synthetic_procedural,SIFT,none,3,True,0.6681818181818182,0.8269230769230769,0.2552149295806885,0.23832997679710388,691.285599999901,220,220,220,220,147,52,43
ablation,syn_07,no_nms,bright_center,1.04,0.3,1.5,synthetic_procedural,Sobel,gaussian_lowpass,3,False,0.19090909090909092,0.4117647058823529,0.330174058675766,312.869873046875,323.20929999991677,220,220,220,220,42,17,7
ablation,syn_07,no_nms,bright_center,1.04,0.3,1.5,synthetic_procedural,LoG,gaussian_lowpass,3,False,0.16818181818181818,0.5,0.387088418006897,156.81472778320312,327.67009999997754,220,220,220,220,37,2,1
ablation,syn_07,no_nms,bright_center,1.04,0.3,1.5,synthetic_procedural,Harris,gaussian_lowpass,3,False,0.7727272727272727,1.0,0.38497719168663025,0.3059861361980438,323.8460000000032,220,220,220,220,170,93,93
ablation,syn_07,no_nms,bright_center,1.04,0.3,1.5,synthetic_procedural,Shi-Tomasi,gaussian_lowpass,3,False,0.7045454545454546,1.0,0.4445337653160095,0.31804710626602173,297.8307999999288,220,220,220,220,155,77,77
ablation,syn_07,no_nms,bright_center,1.04,0.3,1.5,synthetic_procedural,SIFT,gaussian_lowpass,3,False,0.6954545454545454,0.9875,0.14707618951797485,0.10440623760223389,544.6803999998338,220,220,220,220,153,80,79
ablation,syn_08,full,warm_side_light,0.94,1.0,5.0,synthetic_procedural,Sobel,gaussian_lowpass,3,True,0.42272727272727273,0.9166666666666666,1.2136127948760986,0.7856879234313965,282.6592999999775,220,220,220,220,93,12,11
ablation,syn_08,full,warm_side_light,0.94,1.0,5.0,synthetic_procedural,LoG,gaussian_lowpass,3,True,0.41363636363636364,1.0,1.6167100667953491,0.6062694787979126,313.8221000001522,220,220,220,220,91,6,6
ablation,syn_08,full,warm_side_light,0.94,1.0,5.0,synthetic_procedural,Harris,gaussian_lowpass,3,True,0.7636363636363637,0.9910714285714286,1.0808279514312744,0.921823263168335,303.7728000001607,220,220,220,220,168,112,111
ablation,syn_08,full,warm_side_light,0.94,1.0,5.0,synthetic_procedural,Shi-Tomasi,gaussian_lowpass,3,True,0.7636363636363637,0.9906542056074766,0.9793523252010345,0.9365302920341492,293.0578999998943,220,220,220,220,168,107,106
ablation,syn_08,full,warm_side_light,0.94,1.0,5.0,synthetic_procedural,SIFT,gaussian_lowpass,3,True,0.7772727272727272,0.945054945054945,0.4657220244407654,0.4610045552253723,563.2183000000168,220,220,220,220,171,91,86
ablation,syn_08,no_pyramid,warm_side_light,0.94,1.0,5.0,synthetic_procedural,Sobel,gaussian_lowpass,1,True,0.348993288590604,0.9090909090909091,0.9720998704433441,0.7358429431915283,231.203700000151,149,220,149,220,52,11,10
ablation,syn_08,no_pyramid,warm_side_light,0.94,1.0,5.0,synthetic_procedural,LoG,gaussian_lowpass,1,True,0.43478260869565216,1.0,1.3415098190307617,0.6062694787979126,206.54029999991508,92,220,92,220,40,6,6
ablation,syn_08,no_pyramid,warm_side_light,0.94,1.0,5.0,synthetic_procedural,Harris,gaussian_lowpass,1,True,0.7545454545454545,0.9900990099009901,1.0473570227622986,0.8679674863815308,229.81700000013916,220,220,220,220,166,101,100
ablation,syn_08,no_pyramid,warm_side_light,0.94,1.0,5.0,synthetic_procedural,Shi-Tomasi,gaussian_lowpass,1,True,0.7772727272727272,0.9907407407407407,0.9196457266807556,0.8968691229820251,232.11530000003222,220,220,220,220,171,108,107
ablation,syn_08,no_pyramid,warm_side_light,0.94,1.0,5.0,synthetic_procedural,SIFT,gaussian_lowpass,1,True,0.75,0.9818181818181818,0.3590104877948761,0.28356388211250305,422.0827999999983,152,162,152,162,114,55,54
ablation,syn_08,no_frequency,warm_side_light,0.94,1.0,5.0,synthetic_procedural,Sobel,none,3,True,0.1409090909090909,0.7777777777777778,1.7750530242919922,1.7022433280944824,124.98690000006718,220,220,220,220,31,18,14
ablation,syn_08,no_frequency,warm_side_light,0.94,1.0,5.0,synthetic_procedural,LoG,none,3,True,0.06818181818181818,1.0,0.7534621357917786,0.5213181972503662,112.40459999999075,220,220,220,220,15,5,5
ablation,syn_08,no_frequency,warm_side_light,0.94,1.0,5.0,synthetic_procedural,Harris,none,3,True,0.6681818181818182,1.0,0.8408734202384949,0.5433204770088196,122.77229999995143,220,220,220,220,147,75,75
ablation,syn_08,no_frequency,warm_side_light,0.94,1.0,5.0,synthetic_procedural,Shi-Tomasi,none,3,True,0.7227272727272728,0.9659090909090909,1.0144375562667847,0.8119497895240784,118.22299999994357,220,220,220,220,159,88,85
ablation,syn_08,no_frequency,warm_side_light,0.94,1.0,5.0,synthetic_procedural,SIFT,none,3,True,0.42727272727272725,0.8620689655172413,0.6282271444797516,0.2952117919921875,650.8661999998822,220,220,220,220,94,29,25
ablation,syn_08,no_nms,warm_side_light,0.94,1.0,5.0,synthetic_procedural,Sobel,gaussian_lowpass,3,False,0.031818181818181815,1.0,0.46853041648864746,0.6319013237953186,283.8110999998662,220,220,220,220,7,5,5
ablation,syn_08,no_nms,warm_side_light,0.94,1.0,5.0,synthetic_procedural,LoG,gaussian_lowpass,3,False,0.0,0.0,nan,314.1700134277344,312.63970000009067,220,220,220,220,0,1,0
ablation,syn_08,no_nms,warm_side_light,0.94,1.0,5.0,synthetic_procedural,Harris,gaussian_lowpass,3,False,0.4681818181818182,1.0,0.5862740278244019,0.946848452091217,315.7209999999395,220,220,220,220,103,24,24
ablation,syn_08,no_nms,warm_side_light,0.94,1.0,5.0,synthetic_procedural,Shi-Tomasi,gaussian_lowpass,3,False,0.6318181818181818,1.0,0.5890673398971558,0.6460540890693665,296.8074999998862,220,220,220,220,139,41,41
ablation,syn_08,no_nms,warm_side_light,0.94,1.0,5.0,synthetic_procedural,SIFT,gaussian_lowpass,3,False,0.6772727272727272,0.9714285714285714,0.30988529324531555,0.34870749711990356,550.4633999998987,220,220,220,220,149,70,68
ablation,syn_09,full,cool_gradient,1.0,0.7,6.0,synthetic_procedural,Sobel,gaussian_lowpass,3,True,0.4318181818181818,0.6666666666666666,1.1483157873153687,0.857101321220398,291.2504999999328,220,220,220,220,95,12,8
ablation,syn_09,full,cool_gradient,1.0,0.7,6.0,synthetic_procedural,LoG,gaussian_lowpass,3,True,0.5227272727272727,0.9,1.736756682395935,0.6223675012588501,300.6116999999904,220,220,220,220,115,10,9
ablation,syn_09,full,cool_gradient,1.0,0.7,6.0,synthetic_procedural,Harris,gaussian_lowpass,3,True,0.8318181818181818,0.9852941176470589,0.696460485458374,0.6907764077186584,308.1019999999626,220,220,220,220,183,136,134
ablation,syn_09,full,cool_gradient,1.0,0.7,6.0,synthetic_procedural,Shi-Tomasi,gaussian_lowpass,3,True,0.8363636363636363,0.9850746268656716,0.7228053212165833,0.7065829038619995,288.7960999998995,220,220,220,220,184,134,132
ablation,syn_09,full,cool_gradient,1.0,0.7,6.0,synthetic_procedural,SIFT,gaussian_lowpass,3,True,0.8227272727272728,0.9278350515463918,0.2564184069633484,0.23698171973228455,569.389000000001,220,220,220,220,181,97,90
ablation,syn_09,no_pyramid,cool_gradient,1.0,0.7,6.0,synthetic_procedural,Sobel,gaussian_lowpass,1,True,0.4666666666666667,0.6363636363636364,1.0274202823638916,0.8496636152267456,230.10150000004614,150,220,150,220,70,11,7
ablation,syn_09,no_pyramid,cool_gradient,1.0,0.7,6.0,synthetic_procedural,LoG,gaussian_lowpass,1,True,0.6195652173913043,1.0,1.4364771842956543,0.6059854626655579,213.22729999997136,92,220,92,220,57,9,9
ablation,syn_09,no_pyramid,cool_gradient,1.0,0.7,6.0,synthetic_procedural,Harris,gaussian_lowpass,1,True,0.7909090909090909,1.0,0.6325216591358185,0.5384504795074463,223.49780000013197,220,220,220,220,174,107,107
ablation,syn_09,no_pyramid,cool_gradient,1.0,0.7,6.0,synthetic_procedural,Shi-Tomasi,gaussian_lowpass,1,True,0.8363636363636363,1.0,0.5549398958683014,0.5108993053436279,226.1954999999034,220,220,220,220,184,112,112
ablation,syn_09,no_pyramid,cool_gradient,1.0,0.7,6.0,synthetic_procedural,SIFT,gaussian_lowpass,1,True,0.7959183673469388,0.921875,0.17603184282779694,0.17533007264137268,431.80849999998827,155,147,155,147,117,64,59
ablation,syn_09,no_frequency,cool_gradient,1.0,0.7,6.0,synthetic_procedural,Sobel,none,3,True,0.21363636363636362,0.7368421052631579,1.910628318786621,1.2327675819396973,126.33700000014869,220,220,220,220,47,19,14
ablation,syn_09,no_frequency,cool_gradient,1.0,0.7,6.0,synthetic_procedural,LoG,none,3,True,0.4727272727272727,0.9866666666666667,0.5652000606060028,0.49831318855285645,111.94969999996829,220,220,220,220,104,75,74
ablation,syn_09,no_frequency,cool_gradient,1.0,0.7,6.0,synthetic_procedural,Harris,none,3,True,0.6818181818181818,1.0,0.4744647145271301,0.42161068320274353,118.63159999984418,220,220,220,220,150,98,98
ablation,syn_09,no_frequency,cool_gradient,1.0,0.7,6.0,synthetic_procedural,Shi-Tomasi,none,3,True,0.8090909090909091,1.0,0.702715665102005,0.5750638246536255,106.1603999999079,220,220,220,220,178,121,121
ablation,syn_09,no_frequency,cool_gradient,1.0,0.7,6.0,synthetic_procedural,SIFT,none,3,True,0.6090909090909091,0.8974358974358975,0.5788869857788086,0.39947524666786194,667.0455000000857,220,220,220,220,134,39,35
ablation,syn_09,no_nms,cool_gradient,1.0,0.7,6.0,synthetic_procedural,Sobel,gaussian_lowpass,3,False,0.16363636363636364,0.5882352941176471,0.4242665320634842,0.41558927297592163,328.68340000004537,220,220,220,220,36,17,10
ablation,syn_09,no_nms,cool_gradient,1.0,0.7,6.0,synthetic_procedural,LoG,gaussian_lowpass,3,False,0.38636363636363635,0.3333333333333333,0.36028844118118286,418.9606018066406,327.4619999999686,220,220,220,220,85,6,2
ablation,syn_09,no_nms,cool_gradient,1.0,0.7,6.0,synthetic_procedural,Harris,gaussian_lowpass,3,False,0.6363636363636364,1.0,0.4658518135547638,0.3843790590763092,345.214500000111,220,220,220,220,140,70,70
ablation,syn_09,no_nms,cool_gradient,1.0,0.7,6.0,synthetic_procedural,Shi-Tomasi,gaussian_lowpass,3,False,0.740909090909091,0.9896907216494846,0.6398031711578369,0.4872268736362457,300.58020000001306,220,220,220,220,163,97,96
ablation,syn_09,no_nms,cool_gradient,1.0,0.7,6.0,synthetic_procedural,SIFT,gaussian_lowpass,3,False,0.6909090909090909,0.9574468085106383,0.17672450095415115,0.14967474341392517,598.7311999999747,220,220,220,220,152,94,90
ablation,syn_10,full,blurred_neutral,0.92,2.0,12.0,synthetic_procedural,Sobel,gaussian_lowpass,3,True,0.5363636363636364,0.875,1.2559820413589478,1.0423970222473145,302.9086000001371,220,220,220,220,118,8,7
ablation,syn_10,full,blurred_neutral,0.92,2.0,12.0,synthetic_procedural,LoG,gaussian_lowpass,3,True,0.5590909090909091,0.7142857142857143,1.4643117189407349,1.686220645904541,336.92980000000716,220,220,220,220,123,7,5
ablation,syn_10,full,blurred_neutral,0.92,2.0,12.0,synthetic_procedural,Harris,gaussian_lowpass,3,True,0.6727272727272727,0.9459459459459459,1.750174880027771,1.34043550491333,330.1770000000488,220,220,220,220,148,74,70
ablation,syn_10,full,blurred_neutral,0.92,2.0,12.0,synthetic_procedural,Shi-Tomasi,gaussian_lowpass,3,True,0.6818181818181818,0.9452054794520548,1.8506288528442383,1.6177958250045776,301.08069999982945,220,220,220,220,150,73,69
ablation,syn_10,full,blurred_neutral,0.92,2.0,12.0,synthetic_procedural,SIFT,gaussian_lowpass,3,True,0.7181818181818181,0.8873239436619719,0.836133599281311,0.6874384880065918,595.1975000000402,220,220,220,220,158,71,63
ablation,syn_10,no_pyramid,blurred_neutral,0.92,2.0,12.0,synthetic_procedural,Sobel,gaussian_lowpass,1,True,0.4429530201342282,1.0,1.1693364977836609,0.7869579792022705,230.55260000001,149,220,149,220,66,6,6
ablation,syn_10,no_pyramid,blurred_neutral,0.92,2.0,12.0,synthetic_procedural,LoG,gaussian_lowpass,1,True,0.5217391304347826,1.0,1.344860017299652,1.686220645904541,224.09960000004503,92,220,92,220,48,5,5
ablation,syn_10,no_pyramid,blurred_neutral,0.92,2.0,12.0,synthetic_procedural,Harris,gaussian_lowpass,1,True,0.65,0.9565217391304348,2.7094736099243164,1.2987074851989746,249.18849999994563,220,220,220,220,143,46,44
ablation,syn_10,no_pyramid,blurred_neutral,0.92,2.0,12.0,synthetic_procedural,Shi-Tomasi,gaussian_lowpass,1,True,0.6454545454545455,0.9433962264150944,2.4408806562423706,1.4971799850463867,241.64990000008402,220,220,220,220,142,53,50
ablation,syn_10,no_pyramid,blurred_neutral,0.92,2.0,12.0,synthetic_procedural,SIFT,gaussian_lowpass,1,True,0.6758620689655173,0.9393939393939394,0.7938714921474457,0.4906621277332306,414.55530000007457,151,145,151,145,98,33,31
ablation,syn_10,no_frequency,blurred_neutral,0.92,2.0,12.0,synthetic_procedural,Sobel,none,3,True,0.07272727272727272,0.5714285714285714,1.937997817993164,3.2311041355133057,132.95979999998053,220,220,220,220,16,7,4
ablation,syn_10,no_frequency,blurred_neutral,0.92,2.0,12.0,synthetic_procedural,LoG,none,3,True,0.06363636363636363,1.0,1.4483271837234497,2.5042645931243896,134.78310000004967,220,220,220,220,14,3,3
ablation,syn_10,no_frequency,blurred_neutral,0.92,2.0,12.0,synthetic_procedural,Harris,none,3,True,0.4409090909090909,0.8888888888888888,1.9606586694717407,1.3518774509429932,132.0057000000361,220,220,220,220,97,18,16
ablation,syn_10,no_frequency,blurred_neutral,0.92,2.0,12.0,synthetic_procedural,Shi-Tomasi,none,3,True,0.6409090909090909,0.8928571428571429,1.8357232809066772,1.739694356918335,136.21290000014596,220,220,220,220,141,28,25
ablation,syn_10,no_frequency,blurred_neutral,0.92,2.0,12.0,synthetic_procedural,SIFT,none,3,True,0.37727272727272726,0.75,1.3627238273620605,0.4241902232170105,660.5796999999711,220,220,220,220,83,12,9
ablation,syn_10,no_nms,blurred_neutral,0.92,2.0,12.0,synthetic_procedural,Sobel,gaussian_lowpass,3,False,0.01818181818181818,nan,0.3562099039554596,nan,294.9945000000298,220,220,220,220,4,0,0
ablation,syn_10,no_nms,blurred_neutral,0.92,2.0,12.0,synthetic_procedural,LoG,gaussian_lowpass,3,False,0.10454545454545454,nan,0.509614884853363,nan,311.82110000008834,220,220,220,220,23,0,0
ablation,syn_10,no_nms,blurred_neutral,0.92,2.0,12.0,synthetic_procedural,Harris,gaussian_lowpass,3,False,0.3090909090909091,1.0,0.9941822588443756,1.6259557008743286,295.2175000000352,220,220,220,220,68,7,7
ablation,syn_10,no_nms,blurred_neutral,0.92,2.0,12.0,synthetic_procedural,Shi-Tomasi,gaussian_lowpass,3,False,0.5318181818181819,1.0,0.8128517270088196,0.8251877427101135,291.9789000000037,220,220,220,220,117,24,24
ablation,syn_10,no_nms,blurred_neutral,0.92,2.0,12.0,synthetic_procedural,SIFT,gaussian_lowpass,3,False,0.5818181818181818,0.9318181818181818,0.7098205387592316,0.4783575236797333,557.6710000000276,220,220,220,220,128,44,41
