scope,image_id,ablation,capture_group,visible_blur,notes,method,frequency_filter,pyramid_levels,nms,repeatability,matching_accuracy,localization_error_px,matching_error_px,runtime_ms,reference_keypoints,scene_keypoints,raw_reference_keypoints,raw_scene_keypoints,repeated_points,accepted_matches,correct_matches
ablation,IMG_0258,full,near laptop,low,"Close view, cool illumination; right page cropped.",Sobel,gaussian_lowpass,3,True,0.875,0.3333333333333333,1.7374844551086426,10.598302841186523,380.65439999991213,32,68,35,68,28,3,1
ablation,IMG_0258,full,near laptop,low,"Close view, cool illumination; right page cropped.",LoG,gaussian_lowpass,3,True,0.7567567567567568,0.5,1.7526417970657349,3.856981039047241,347.0254000003479,37,114,43,114,28,2,1
ablation,IMG_0258,full,near laptop,low,"Close view, cool illumination; right page cropped.",Harris,gaussian_lowpass,3,True,0.7457627118644068,0.6,2.3207069635391235,3.2588746547698975,401.93970000018453,59,210,71,213,44,5,3
ablation,IMG_0258,full,near laptop,low,"Close view, cool illumination; right page cropped.",Shi-Tomasi,gaussian_lowpass,3,True,0.7142857142857143,0.6666666666666666,2.4585723876953125,3.3701589107513428,358.3656999999221,56,190,70,190,40,3,2
ablation,IMG_0258,full,near laptop,low,"Close view, cool illumination; right page cropped.",SIFT,gaussian_lowpass,3,True,0.5217391304347826,0.6666666666666666,1.790915846824646,2.0237457752227783,818.3913000002576,23,46,23,49,12,6,4
ablation,IMG_0258,no_pyramid,near laptop,low,"Close view, cool illumination; right page cropped.",Sobel,gaussian_lowpass,1,True,0.9,0.0,1.750857949256897,87.7071304321289,273.9406999999119,30,65,32,65,27,2,0
ablation,IMG_0258,no_pyramid,near laptop,low,"Close view, cool illumination; right page cropped.",LoG,gaussian_lowpass,1,True,0.696969696969697,0.0,2.2421605587005615,6.012446880340576,289.8158999996667,33,102,39,102,23,2,0
ablation,IMG_0258,no_pyramid,near laptop,low,"Close view, cool illumination; right page cropped.",Harris,gaussian_lowpass,1,True,0.7058823529411765,0.5,2.318606734275818,5.095394611358643,324.83920000049693,51,194,60,197,36,2,1
ablation,IMG_0258,no_pyramid,near laptop,low,"Close view, cool illumination; right page cropped.",Shi-Tomasi,gaussian_lowpass,1,True,0.6666666666666666,0.5,2.1655715703964233,4.163971424102783,289.25040000012814,45,174,56,174,30,2,1
ablation,IMG_0258,no_pyramid,near laptop,low,"Close view, cool illumination; right page cropped.",SIFT,gaussian_lowpass,1,True,0.5714285714285714,1.0,1.148780733346939,0.887917160987854,646.7040000006818,7,14,7,14,4,2,2
ablation,IMG_0258,no_frequency,near laptop,low,"Close view, cool illumination; right page cropped.",Sobel,none,3,True,0.975,0.0,1.9075438976287842,4.107555389404297,72.82260000010865,40,123,50,123,39,1,0
ablation,IMG_0258,no_frequency,near laptop,low,"Close view, cool illumination; right page cropped.",LoG,none,3,True,0.796875,0.0,2.389559030532837,6.4826250076293945,75.35029999962717,64,218,74,220,51,1,0
ablation,IMG_0258,no_frequency,near laptop,low,"Close view, cool illumination; right page cropped.",Harris,none,3,True,0.7307692307692307,nan,2.537604570388794,nan,114.43589999998949,78,217,95,220,57,0,0
ablation,IMG_0258,no_frequency,near laptop,low,"Close view, cool illumination; right page cropped.",Shi-Tomasi,none,3,True,0.6933333333333334,0.5,2.647042751312256,4.357797145843506,93.02149999984977,75,220,89,220,52,2,1
ablation,IMG_0258,no_frequency,near laptop,low,"Close view, cool illumination; right page cropped.",SIFT,none,3,True,0.5555555555555556,1.0,1.4198413491249084,1.4059137105941772,621.0311999993792,18,26,19,27,10,7,7
ablation,IMG_0258,no_nms,near laptop,low,"Close view, cool illumination; right page cropped.",Sobel,gaussian_lowpass,3,False,0.6238095238095238,nan,0.8924528360366821,nan,364.41520000062155,210,220,220,220,131,0,0
ablation,IMG_0258,no_nms,near laptop,low,"Close view, cool illumination; right page cropped.",LoG,gaussian_lowpass,3,False,0.28,nan,0.9540871381759644,nan,371.48359999991953,200,216,220,220,56,0,0
ablation,IMG_0258,no_nms,near laptop,low,"Close view, cool illumination; right page cropped.",Harris,gaussian_lowpass,3,False,0.5722222222222222,nan,1.7453970909118652,nan,406.1193999996249,180,216,220,220,103,0,0
ablation,IMG_0258,no_nms,near laptop,low,"Close view, cool illumination; right page cropped.",Shi-Tomasi,gaussian_lowpass,3,False,0.49162011173184356,1.0,1.715984046459198,1.8522368669509888,368.3179999998174,179,214,220,220,88,1,1
ablation,IMG_0258,no_nms,near laptop,low,"Close view, cool illumination; right page cropped.",SIFT,gaussian_lowpass,3,False,0.375,0.7142857142857143,1.830632209777832,2.5411689281463623,807.298499999888,56,82,56,86,21,7,5
ablation,IMG_0259,full,aisle,low,"More distant view, oblique page, diagonal shadow.",Sobel,gaussian_lowpass,3,True,0.8285714285714286,nan,1.210644006729126,nan,364.75830000017595,38,35,39,35,29,0,0
ablation,IMG_0259,full,aisle,low,"More distant view, oblique page, diagonal shadow.",LoG,gaussian_lowpass,3,True,0.9130434782608695,1.0,1.1965035200119019,2.5794754028320312,364.88699999972596,46,66,48,68,42,2,2
ablation,IMG_0259,full,aisle,low,"More distant view, oblique page, diagonal shadow.",Harris,gaussian_lowpass,3,True,0.8714285714285714,0.0,1.6020230054855347,156.59808349609375,374.4267000001855,70,93,74,94,61,1,0
ablation,IMG_0259,full,aisle,low,"More distant view, oblique page, diagonal shadow.",Shi-Tomasi,gaussian_lowpass,3,True,0.9142857142857143,1.0,1.5184704065322876,2.814852237701416,383.92779999958293,70,91,72,92,64,4,4
ablation,IMG_0259,full,aisle,low,"More distant view, oblique page, diagonal shadow.",SIFT,gaussian_lowpass,3,True,0.8260869565217391,0.7333333333333333,1.3670322895050049,1.3670322895050049,774.9352999999246,23,32,24,33,19,15,11
ablation,IMG_0259,no_pyramid,aisle,low,"More distant view, oblique page, diagonal shadow.",Sobel,gaussian_lowpass,1,True,0.7941176470588235,nan,1.1129614114761353,nan,300.24069999944913,34,34,35,34,27,0,0
ablation,IMG_0259,no_pyramid,aisle,low,"More distant view, oblique page, diagonal shadow.",LoG,gaussian_lowpass,1,True,0.925,1.0,1.184066653251648,1.5200855731964111,284.38849999929516,40,59,42,61,37,1,1
ablation,IMG_0259,no_pyramid,aisle,low,"More distant view, oblique page, diagonal shadow.",Harris,gaussian_lowpass,1,True,0.8852459016393442,0.0,1.6685768961906433,6.337457656860352,300.4935999997542,61,80,65,81,54,1,0
ablation,IMG_0259,no_pyramid,aisle,low,"More distant view, oblique page, diagonal shadow.",Shi-Tomasi,gaussian_lowpass,1,True,0.9298245614035088,1.0,1.4378578662872314,0.912548840045929,326.31469999978435,57,78,59,79,53,3,3
ablation,IMG_0259,no_pyramid,aisle,low,"More distant view, oblique page, diagonal shadow.",SIFT,gaussian_lowpass,1,True,0.5714285714285714,0.6,1.3091370463371277,1.7098276615142822,632.6429999999164,7,8,7,8,4,5,3
ablation,IMG_0259,no_frequency,aisle,low,"More distant view, oblique page, diagonal shadow.",Sobel,none,3,True,0.9056603773584906,0.5,1.5292609930038452,20.334856033325195,75.97559999976511,53,73,55,73,48,2,1
ablation,IMG_0259,no_frequency,aisle,low,"More distant view, oblique page, diagonal shadow.",LoG,none,3,True,0.8961038961038961,0.0,1.353157877922058,4.427613258361816,72.26939999964088,77,100,80,103,69,2,0
ablation,IMG_0259,no_frequency,aisle,low,"More distant view, oblique page, diagonal shadow.",Harris,none,3,True,0.8829787234042553,nan,1.4743385314941406,nan,111.34130000027653,94,135,96,138,83,0,0
ablation,IMG_0259,no_frequency,aisle,low,"More distant view, oblique page, diagonal shadow.",Shi-Tomasi,none,3,True,0.8,nan,1.424919307231903,nan,100.96299999986513,90,105,91,107,72,0,0
ablation,IMG_0259,no_frequency,aisle,low,"More distant view, oblique page, diagonal shadow.",SIFT,none,3,True,0.7391304347826086,0.9230769230769231,1.1953805685043335,1.1353707313537598,607.2003999997833,23,29,24,31,17,13,12
ablation,IMG_0259,no_nms,aisle,low,"More distant view, oblique page, diagonal shadow.",Sobel,gaussian_lowpass,3,False,0.7511520737327189,nan,0.784114420413971,nan,360.53529999935563,217,220,220,220,163,0,0
ablation,IMG_0259,no_nms,aisle,low,"More distant view, oblique page, diagonal shadow.",LoG,gaussian_lowpass,3,False,0.905940594059406,nan,0.664603054523468,nan,375.43820000064443,202,213,220,220,183,0,0
ablation,IMG_0259,no_nms,aisle,low,"More distant view, oblique page, diagonal shadow.",Harris,gaussian_lowpass,3,False,0.8325358851674641,nan,0.5875279307365417,nan,371.7196999996304,209,212,220,220,174,0,0
ablation,IMG_0259,no_nms,aisle,low,"More distant view, oblique page, diagonal shadow.",Shi-Tomasi,gaussian_lowpass,3,False,0.8173076923076923,1.0,0.5514206886291504,0.3470708429813385,389.40400000046793,208,209,220,220,170,1,1
ablation,IMG_0259,no_nms,aisle,low,"More distant view, oblique page, diagonal shadow.",SIFT,gaussian_lowpass,3,False,0.5370370370370371,0.9333333333333333,1.3670322895050049,1.2512418031692505,802.8033999999025,56,54,57,55,29,15,14
ablation,IMG_0261,full,cabinet,low,Close tilted view; left margin partly outside frame.,Sobel,gaussian_lowpass,3,True,0.8888888888888888,0.5,2.2973649501800537,3.485872268676758,389.17270000001736,36,74,39,74,32,4,2
ablation,IMG_0261,full,cabinet,low,Close tilted view; left margin partly outside frame.,LoG,gaussian_lowpass,3,True,0.8297872340425532,0.3333333333333333,2.3414671421051025,4.347900390625,356.8159000005835,47,127,50,129,39,3,1
ablation,IMG_0261,full,cabinet,low,Close tilted view; left margin partly outside frame.,Harris,gaussian_lowpass,3,True,0.7464788732394366,0.6,2.1935770511627197,3.8840627670288086,405.0944000000527,71,218,75,220,53,5,3
ablation,IMG_0261,full,cabinet,low,Close tilted view; left margin partly outside frame.,Shi-Tomasi,gaussian_lowpass,3,True,0.803030303030303,0.14285714285714285,1.8911744356155396,4.740780353546143,384.9344000000201,66,197,70,200,53,7,1
ablation,IMG_0261,full,cabinet,low,Close tilted view; left margin partly outside frame.,SIFT,gaussian_lowpass,3,True,0.5217391304347826,0.6666666666666666,2.356657028198242,2.653399705886841,809.1849000002185,23,49,24,51,12,3,2
ablation,IMG_0261,no_pyramid,cabinet,low,Close tilted view; left margin partly outside frame.,Sobel,gaussian_lowpass,1,True,0.90625,0.3333333333333333,2.482933282852173,4.637411594390869,265.3340999995635,32,68,35,68,29,3,1
ablation,IMG_0261,no_pyramid,cabinet,low,Close tilted view; left margin partly outside frame.,LoG,gaussian_lowpass,1,True,0.775,0.0,2.031080961227417,6.214898586273193,280.78310000000783,40,107,43,108,31,1,0
ablation,IMG_0261,no_pyramid,cabinet,low,Close tilted view; left margin partly outside frame.,Harris,gaussian_lowpass,1,True,0.7741935483870968,0.0,2.2831262350082397,6.00026798248291,316.03829999949085,62,216,66,218,48,2,0
ablation,IMG_0261,no_pyramid,cabinet,low,Close tilted view; left margin partly outside frame.,Shi-Tomasi,gaussian_lowpass,1,True,0.7547169811320755,0.3333333333333333,1.8598994612693787,4.512688159942627,303.0183000000761,53,181,57,183,40,3,1
ablation,IMG_0261,no_pyramid,cabinet,low,Close tilted view; left margin partly outside frame.,SIFT,gaussian_lowpass,1,True,0.5714285714285714,1.0,2.4363268613815308,2.653399705886841,621.5091000003667,7,15,7,15,4,1,1
ablation,IMG_0261,no_frequency,cabinet,low,Close tilted view; left margin partly outside frame.,Sobel,none,3,True,0.9215686274509803,nan,1.91031813621521,nan,73.64749999942433,51,128,56,131,47,0,0
ablation,IMG_0261,no_frequency,cabinet,low,Close tilted view; left margin partly outside frame.,LoG,none,3,True,0.7532467532467533,nan,2.202191114425659,nan,75.7077999996909,77,217,81,220,58,0,0
ablation,IMG_0261,no_frequency,cabinet,low,Close tilted view; left margin partly outside frame.,Harris,none,3,True,0.6989247311827957,0.0,2.178089141845703,7.067065238952637,115.00900000010006,93,218,97,220,65,1,0
ablation,IMG_0261,no_frequency,cabinet,low,Close tilted view; left margin partly outside frame.,Shi-Tomasi,none,3,True,0.6888888888888889,nan,2.0477389693260193,nan,103.72770000049059,90,218,93,220,62,0,0
ablation,IMG_0261,no_frequency,cabinet,low,Close tilted view; left margin partly outside frame.,SIFT,none,3,True,0.5217391304347826,0.8333333333333334,1.7647691369056702,1.3437901735305786,606.5765000003012,23,40,25,41,12,6,5
ablation,IMG_0261,no_nms,cabinet,low,Close tilted view; left margin partly outside frame.,Sobel,gaussian_lowpass,3,False,0.41037735849056606,nan,2.0011823177337646,nan,396.48290000059205,212,219,220,220,87,0,0
ablation,IMG_0261,no_nms,cabinet,low,Close tilted view; left margin partly outside frame.,LoG,gaussian_lowpass,3,False,0.23979591836734693,nan,1.1341952085494995,nan,369.42460000045685,196,215,220,220,47,0,0
ablation,IMG_0261,no_nms,cabinet,low,Close tilted view; left margin partly outside frame.,Harris,gaussian_lowpass,3,False,0.5544041450777202,nan,1.6531531810760498,nan,416.7174000003797,193,209,220,220,107,0,0
ablation,IMG_0261,no_nms,cabinet,low,Close tilted view; left margin partly outside frame.,Shi-Tomasi,gaussian_lowpass,3,False,0.4479166666666667,nan,1.1459265351295471,nan,380.3061999997226,192,210,220,220,86,0,0
ablation,IMG_0261,no_nms,cabinet,low,Close tilted view; left margin partly outside frame.,SIFT,gaussian_lowpass,3,False,0.32142857142857145,0.5,2.6822315454483032,4.22737979888916,838.119099999858,56,87,57,89,18,2,1
ablation,IMG_0262,full,cabinet,mild,Tilted view with slightly softer fine text.,Sobel,gaussian_lowpass,3,True,0.8918918918918919,0.5,2.711859703063965,6.691715240478516,346.0223000001861,37,57,39,57,33,2,1
ablation,IMG_0262,full,cabinet,mild,Tilted view with slightly softer fine text.,LoG,gaussian_lowpass,3,True,0.8043478260869565,0.7142857142857143,2.1803507804870605,1.9242018461227417,371.2613000006968,46,110,50,113,37,7,5
ablation,IMG_0262,full,cabinet,mild,Tilted view with slightly softer fine text.,Harris,gaussian_lowpass,3,True,0.7464788732394366,0.4,2.169159173965454,4.031497955322266,395.3621999999086,71,172,75,176,53,5,2
ablation,IMG_0262,full,cabinet,mild,Tilted view with slightly softer fine text.,Shi-Tomasi,gaussian_lowpass,3,True,0.7424242424242424,0.6,2.3418962955474854,3.83254075050354,381.4292999995814,66,150,70,152,49,10,6
ablation,IMG_0262,full,cabinet,mild,Tilted view with slightly softer fine text.,SIFT,gaussian_lowpass,3,True,0.4166666666666667,0.6,2.3765411376953125,3.089095115661621,790.2401999999711,24,62,24,64,10,5,3
ablation,IMG_0262,no_pyramid,cabinet,mild,Tilted view with slightly softer fine text.,Sobel,gaussian_lowpass,1,True,0.9090909090909091,0.0,2.8184624910354614,10.017414093017578,290.43780000029074,33,52,35,52,30,1,0
ablation,IMG_0262,no_pyramid,cabinet,mild,Tilted view with slightly softer fine text.,LoG,gaussian_lowpass,1,True,0.8461538461538461,0.8,2.309680223464966,1.8283017873764038,282.3637999999846,39,96,43,99,33,5,4
ablation,IMG_0262,no_pyramid,cabinet,mild,Tilted view with slightly softer fine text.,Harris,gaussian_lowpass,1,True,0.7741935483870968,0.42857142857142855,2.3037686347961426,4.777907371520996,289.8019000003842,62,162,66,165,48,7,3
ablation,IMG_0262,no_pyramid,cabinet,mild,Tilted view with slightly softer fine text.,Shi-Tomasi,gaussian_lowpass,1,True,0.7547169811320755,0.625,2.7953916788101196,3.83254075050354,310.52550000003976,53,140,57,141,40,8,5
ablation,IMG_0262,no_pyramid,cabinet,mild,Tilted view with slightly softer fine text.,SIFT,gaussian_lowpass,1,True,0.5714285714285714,0.6666666666666666,3.076424479484558,3.089095115661621,611.7836999992505,7,20,7,21,4,3,2
ablation,IMG_0262,no_frequency,cabinet,mild,Tilted view with slightly softer fine text.,Sobel,none,3,True,0.7058823529411765,nan,1.5783180594444275,nan,65.1066999998875,51,95,56,97,36,0,0
ablation,IMG_0262,no_frequency,cabinet,mild,Tilted view with slightly softer fine text.,LoG,none,3,True,0.881578947368421,0.0,2.0022661685943604,5.399020195007324,72.82979999945383,76,180,81,185,67,1,0
ablation,IMG_0262,no_frequency,cabinet,mild,Tilted view with slightly softer fine text.,Harris,none,3,True,0.7204301075268817,0.0,2.479306697845459,4.1724724769592285,116.57519999971555,93,216,97,220,67,1,0
ablation,IMG_0262,no_frequency,cabinet,mild,Tilted view with slightly softer fine text.,Shi-Tomasi,none,3,True,0.6966292134831461,1.0,2.094930052757263,0.46105173230171204,97.35659999932977,89,202,93,205,62,1,1
ablation,IMG_0262,no_frequency,cabinet,mild,Tilted view with slightly softer fine text.,SIFT,none,3,True,0.5652173913043478,0.5,2.6916823387145996,3.7467031478881836,602.7018000004318,23,52,25,55,13,4,2
ablation,IMG_0262,no_nms,cabinet,mild,Tilted view with slightly softer fine text.,Sobel,gaussian_lowpass,3,False,0.30952380952380953,nan,1.7976757287979126,nan,365.71099999946455,211,210,220,220,65,0,0
ablation,IMG_0262,no_nms,cabinet,mild,Tilted view with slightly softer fine text.,LoG,gaussian_lowpass,3,False,0.5,nan,1.7857972383499146,nan,370.8929000003991,194,209,220,220,97,0,0
ablation,IMG_0262,no_nms,cabinet,mild,Tilted view with slightly softer fine text.,Harris,gaussian_lowpass,3,False,0.6105263157894737,nan,1.9535813927650452,nan,385.9818999999334,190,210,220,220,116,0,0
ablation,IMG_0262,no_nms,cabinet,mild,Tilted view with slightly softer fine text.,Shi-Tomasi,gaussian_lowpass,3,False,0.455026455026455,nan,1.5478914976119995,nan,391.143099999681,189,209,220,220,86,0,0
ablation,IMG_0262,no_nms,cabinet,mild,Tilted view with slightly softer fine text.,SIFT,gaussian_lowpass,3,False,0.3333333333333333,0.5,2.6985738277435303,4.845582008361816,786.8293999999878,57,115,57,119,19,4,2
ablation,IMG_0263,full,desk,mild,Oblique close view with bright right-side light.,Sobel,gaussian_lowpass,3,True,0.7777777777777778,0.0,2.4688819646835327,9.67451286315918,359.2564999999013,36,54,39,54,28,1,0
ablation,IMG_0263,full,desk,mild,Oblique close view with bright right-side light.,LoG,gaussian_lowpass,3,True,0.8478260869565217,0.6666666666666666,2.2099359035491943,3.00943660736084,345.04089999973075,46,124,50,125,39,6,4
ablation,IMG_0263,full,desk,mild,Oblique close view with bright right-side light.,Harris,gaussian_lowpass,3,True,0.8028169014084507,0.625,2.2783403396606445,3.2815444469451904,380.2709000001414,71,180,75,184,57,8,5
ablation,IMG_0263,full,desk,mild,Oblique close view with bright right-side light.,Shi-Tomasi,gaussian_lowpass,3,True,0.8307692307692308,0.5,2.3933154344558716,3.80953049659729,377.91160000051605,65,163,70,164,54,8,4
ablation,IMG_0263,full,desk,mild,Oblique close view with bright right-side light.,SIFT,gaussian_lowpass,3,True,0.6666666666666666,0.25,2.1849570274353027,5.434846878051758,801.3990999997986,24,90,24,92,16,4,1
ablation,IMG_0263,no_pyramid,desk,mild,Oblique close view with bright right-side light.,Sobel,gaussian_lowpass,1,True,0.84375,0.0,2.4880259037017822,9.67451286315918,297.62790000040695,32,51,35,51,27,1,0
ablation,IMG_0263,no_pyramid,desk,mild,Oblique close view with bright right-side light.,LoG,gaussian_lowpass,1,True,0.8717948717948718,0.6,2.2819758653640747,2.2099359035491943,264.29129999996803,39,109,43,110,34,5,3
ablation,IMG_0263,no_pyramid,desk,mild,Oblique close view with bright right-side light.,Harris,gaussian_lowpass,1,True,0.8709677419354839,0.3333333333333333,2.452387571334839,4.98349666595459,321.4151000001948,62,171,66,174,54,6,2
ablation,IMG_0263,no_pyramid,desk,mild,Oblique close view with bright right-side light.,Shi-Tomasi,gaussian_lowpass,1,True,0.7884615384615384,0.4,2.2606141567230225,4.027242183685303,309.5865000004778,52,148,57,148,41,5,2
ablation,IMG_0263,no_pyramid,desk,mild,Oblique close view with bright right-side light.,SIFT,gaussian_lowpass,1,True,0.7142857142857143,0.5,2.3332552909851074,3.196246385574341,599.5171999993545,7,46,7,46,5,2,1
ablation,IMG_0263,no_frequency,desk,mild,Oblique close view with bright right-side light.,Sobel,none,3,True,0.7450980392156863,0.0,1.91782945394516,163.6407470703125,72.5908000003983,51,110,56,112,38,1,0
ablation,IMG_0263,no_frequency,desk,mild,Oblique close view with bright right-side light.,LoG,none,3,True,0.868421052631579,nan,2.48954975605011,nan,75.70769999983895,76,198,81,201,66,0,0
ablation,IMG_0263,no_frequency,desk,mild,Oblique close view with bright right-side light.,Harris,none,3,True,0.6666666666666666,nan,2.288973808288574,nan,111.9211000004725,93,216,97,220,62,0,0
ablation,IMG_0263,no_frequency,desk,mild,Oblique close view with bright right-side light.,Shi-Tomasi,none,3,True,0.6853932584269663,1.0,2.2457239627838135,2.032402276992798,99.92920000058803,89,217,93,220,61,1,1
ablation,IMG_0263,no_frequency,desk,mild,Oblique close view with bright right-side light.,SIFT,none,3,True,0.782608695652174,1.0,1.8710936903953552,2.4081013202667236,608.5751000000528,23,91,25,91,18,7,7
ablation,IMG_0263,no_nms,desk,mild,Oblique close view with bright right-side light.,Sobel,gaussian_lowpass,3,False,0.47368421052631576,nan,1.9500272274017334,nan,373.5587999999552,209,215,220,220,99,0,0
ablation,IMG_0263,no_nms,desk,mild,Oblique close view with bright right-side light.,LoG,gaussian_lowpass,3,False,0.36082474226804123,nan,1.6033063530921936,nan,364.91489999934856,194,212,220,220,70,0,0
ablation,IMG_0263,no_nms,desk,mild,Oblique close view with bright right-side light.,Harris,gaussian_lowpass,3,False,0.5478723404255319,nan,1.9213565587997437,nan,401.2691999996605,188,212,220,220,103,0,0
ablation,IMG_0263,no_nms,desk,mild,Oblique close view with bright right-side light.,Shi-Tomasi,gaussian_lowpass,3,False,0.44919786096256686,nan,1.6926414370536804,nan,406.57069999997475,187,209,220,220,84,0,0
ablation,IMG_0263,no_nms,desk,mild,Oblique close view with bright right-side light.,SIFT,gaussian_lowpass,3,False,0.40350877192982454,0.25,1.9740828275680542,6.400550842285156,782.4431999997614,57,161,57,164,23,4,1
ablation,IMG_0264,full,desk,low,Larger front-facing page; brightness and curvature differ.,Sobel,gaussian_lowpass,3,True,0.8333333333333334,0.75,2.522521734237671,2.440220832824707,339.67200000006414,36,65,39,65,30,4,3
ablation,IMG_0264,full,desk,low,Larger front-facing page; brightness and curvature differ.,LoG,gaussian_lowpass,3,True,0.8695652173913043,0.8,2.280155062675476,1.408037543296814,338.1290000006629,46,106,50,107,40,5,4
ablation,IMG_0264,full,desk,low,Larger front-facing page; brightness and curvature differ.,Harris,gaussian_lowpass,3,True,0.8309859154929577,0.5,2.3399851322174072,3.6633100509643555,396.2779000003138,71,164,75,166,59,8,4
ablation,IMG_0264,full,desk,low,Larger front-facing page; brightness and curvature differ.,Shi-Tomasi,gaussian_lowpass,3,True,0.7692307692307693,0.8571428571428571,1.9764216542243958,2.0238218307495117,365.3159000004962,65,146,70,150,50,7,6
ablation,IMG_0264,full,desk,low,Larger front-facing page; brightness and curvature differ.,SIFT,gaussian_lowpass,3,True,0.6666666666666666,0.2857142857142857,2.127567172050476,6.260010719299316,813.9662000003227,24,87,24,90,16,7,2
ablation,IMG_0264,no_pyramid,desk,low,Larger front-facing page; brightness and curvature differ.,Sobel,gaussian_lowpass,1,True,0.875,1.0,2.522521734237671,1.8604493141174316,265.39669999965554,32,61,35,61,28,2,2
ablation,IMG_0264,no_pyramid,desk,low,Larger front-facing page; brightness and curvature differ.,LoG,gaussian_lowpass,1,True,0.8205128205128205,0.8,1.9576773643493652,1.408037543296814,298.1149000006553,39,89,43,90,32,5,4
ablation,IMG_0264,no_pyramid,desk,low,Larger front-facing page; brightness and curvature differ.,Harris,gaussian_lowpass,1,True,0.8548387096774194,0.4,2.5996952056884766,4.7451090812683105,360.7234000000972,62,152,66,154,53,5,2
ablation,IMG_0264,no_pyramid,desk,low,Larger front-facing page; brightness and curvature differ.,Shi-Tomasi,gaussian_lowpass,1,True,0.7884615384615384,0.8,2.0203585624694824,3.4360177516937256,296.6292000000976,52,135,57,137,41,5,4
ablation,IMG_0264,no_pyramid,desk,low,Larger front-facing page; brightness and curvature differ.,SIFT,gaussian_lowpass,1,True,0.8571428571428571,0.3333333333333333,2.4550122022628784,23.862306594848633,660.4181000002427,7,47,7,48,6,3,1
ablation,IMG_0264,no_frequency,desk,low,Larger front-facing page; brightness and curvature differ.,Sobel,none,3,True,0.9607843137254902,nan,2.3320119380950928,nan,77.85129999956553,51,115,56,116,49,0,0
ablation,IMG_0264,no_frequency,desk,low,Larger front-facing page; brightness and curvature differ.,LoG,none,3,True,0.8157894736842105,0.5,2.2801835536956787,4.375277042388916,68.34729999991396,76,183,81,185,62,2,1
ablation,IMG_0264,no_frequency,desk,low,Larger front-facing page; brightness and curvature differ.,Harris,none,3,True,0.7204301075268817,0.0,2.379260778427124,4.390583515167236,102.14900000028138,93,218,97,220,67,1,0
ablation,IMG_0264,no_frequency,desk,low,Larger front-facing page; brightness and curvature differ.,Shi-Tomasi,none,3,True,0.7078651685393258,1.0,2.428030490875244,2.305940866470337,103.51549999995768,89,218,93,220,63,2,2
ablation,IMG_0264,no_frequency,desk,low,Larger front-facing page; brightness and curvature differ.,SIFT,none,3,True,0.8695652173913043,0.9,1.775572657585144,2.0292046070098877,629.1479999999865,23,89,25,90,20,10,9
ablation,IMG_0264,no_nms,desk,low,Larger front-facing page; brightness and curvature differ.,Sobel,gaussian_lowpass,3,False,0.5023923444976076,nan,1.965665340423584,nan,349.90839999954915,209,219,220,220,105,0,0
ablation,IMG_0264,no_nms,desk,low,Larger front-facing page; brightness and curvature differ.,LoG,gaussian_lowpass,3,False,0.26288659793814434,nan,1.1066179275512695,nan,375.4206999992675,194,214,220,220,51,0,0
ablation,IMG_0264,no_nms,desk,low,Larger front-facing page; brightness and curvature differ.,Harris,gaussian_lowpass,3,False,0.656084656084656,0.0,1.8327268958091736,7.207710266113281,423.40059999969526,189,215,220,220,124,1,0
ablation,IMG_0264,no_nms,desk,low,Larger front-facing page; brightness and curvature differ.,Shi-Tomasi,gaussian_lowpass,3,False,0.5080213903743316,0.6666666666666666,1.5004615783691406,2.832078456878662,392.25269999951706,187,212,220,220,95,3,2
ablation,IMG_0264,no_nms,desk,low,Larger front-facing page; brightness and curvature differ.,SIFT,gaussian_lowpass,3,False,0.47368421052631576,0.2,2.2781107425689697,6.260010719299316,823.5469999999623,57,163,57,170,27,5,1
ablation,IMG_0265,full,cabinet motion,noticeable,"Motion-softened view; lower left bullets outside frame, replaced with visible printed strokes.",Sobel,gaussian_lowpass,3,True,0.6296296296296297,nan,1.8979381322860718,nan,371.85719999979483,27,32,29,32,17,0,0
ablation,IMG_0265,full,cabinet motion,noticeable,"Motion-softened view; lower left bullets outside frame, replaced with visible printed strokes.",LoG,gaussian_lowpass,3,True,0.8857142857142857,0.0,2.311326265335083,87.12144470214844,368.29760000000533,35,83,37,83,31,2,0
ablation,IMG_0265,full,cabinet motion,noticeable,"Motion-softened view; lower left bullets outside frame, replaced with visible printed strokes.",Harris,gaussian_lowpass,3,True,0.8245614035087719,nan,1.758327603340149,nan,373.88779999946564,57,130,66,131,47,0,0
ablation,IMG_0265,full,cabinet motion,noticeable,"Motion-softened view; lower left bullets outside frame, replaced with visible printed strokes.",Shi-Tomasi,gaussian_lowpass,3,True,0.7037037037037037,0.0,2.125768780708313,165.70175170898438,389.1923000001043,54,109,59,109,38,1,0
ablation,IMG_0265,full,cabinet motion,noticeable,"Motion-softened view; lower left bullets outside frame, replaced with visible printed strokes.",SIFT,gaussian_lowpass,3,True,0.4444444444444444,0.75,1.2800808548927307,1.3802239894866943,785.7933999994202,18,42,19,42,8,4,3
ablation,IMG_0265,no_pyramid,cabinet motion,noticeable,"Motion-softened view; lower left bullets outside frame, replaced with visible printed strokes.",Sobel,gaussian_lowpass,1,True,0.6,nan,1.8453128337860107,nan,286.7102000000159,25,28,27,28,15,0,0
ablation,IMG_0265,no_pyramid,cabinet motion,noticeable,"Motion-softened view; lower left bullets outside frame, replaced with visible printed strokes.",LoG,gaussian_lowpass,1,True,0.8387096774193549,0.0,1.9926166534423828,87.12144470214844,272.6354000005813,31,74,31,74,26,2,0
ablation,IMG_0265,no_pyramid,cabinet motion,noticeable,"Motion-softened view; lower left bullets outside frame, replaced with visible printed strokes.",Harris,gaussian_lowpass,1,True,0.8163265306122449,nan,1.5660164952278137,nan,309.15990000085003,49,121,56,121,40,0,0
ablation,IMG_0265,no_pyramid,cabinet motion,noticeable,"Motion-softened view; lower left bullets outside frame, replaced with visible printed strokes.",Shi-Tomasi,gaussian_lowpass,1,True,0.7857142857142857,nan,1.7553220987319946,nan,313.0337000002328,42,98,45,98,33,0,0
ablation,IMG_0265,no_pyramid,cabinet motion,noticeable,"Motion-softened view; lower left bullets outside frame, replaced with visible printed strokes.",SIFT,gaussian_lowpass,1,True,0.5,1.0,1.8477333784103394,1.8477333784103394,615.2658000000883,6,12,6,12,3,3,3
ablation,IMG_0265,no_frequency,cabinet motion,noticeable,"Motion-softened view; lower left bullets outside frame, replaced with visible printed strokes.",Sobel,none,3,True,0.6739130434782609,1.0,2.362839698791504,3.6561315059661865,76.17469999968307,46,72,47,72,31,1,1
ablation,IMG_0265,no_frequency,cabinet motion,noticeable,"Motion-softened view; lower left bullets outside frame, replaced with visible printed strokes.",LoG,none,3,True,0.8035714285714286,0.0,1.9612022638320923,4.625855922698975,68.70679999974527,56,104,61,104,45,1,0
ablation,IMG_0265,no_frequency,cabinet motion,noticeable,"Motion-softened view; lower left bullets outside frame, replaced with visible printed strokes.",Harris,none,3,True,0.7638888888888888,nan,2.256509304046631,nan,107.65319999973144,72,157,76,160,55,0,0
ablation,IMG_0265,no_frequency,cabinet motion,noticeable,"Motion-softened view; lower left bullets outside frame, replaced with visible printed strokes.",Shi-Tomasi,none,3,True,0.8115942028985508,0.0,2.0827678442001343,4.707435131072998,93.50309999990714,69,135,73,137,56,1,0
ablation,IMG_0265,no_frequency,cabinet motion,noticeable,"Motion-softened view; lower left bullets outside frame, replaced with visible printed strokes.",SIFT,none,3,True,0.4,1.0,1.6757632791996002,0.7654900550842285,580.5438000006689,20,23,21,23,8,4,4
ablation,IMG_0265,no_nms,cabinet motion,noticeable,"Motion-softened view; lower left bullets outside frame, replaced with visible printed strokes.",Sobel,gaussian_lowpass,3,False,0.386046511627907,nan,1.292896032333374,nan,375.3659999993033,215,216,220,220,83,0,0
ablation,IMG_0265,no_nms,cabinet motion,noticeable,"Motion-softened view; lower left bullets outside frame, replaced with visible printed strokes.",LoG,gaussian_lowpass,3,False,0.6113744075829384,nan,0.8061866760253906,nan,368.9150999998674,211,220,220,220,129,0,0
ablation,IMG_0265,no_nms,cabinet motion,noticeable,"Motion-softened view; lower left bullets outside frame, replaced with visible printed strokes.",Harris,gaussian_lowpass,3,False,0.6180904522613065,nan,1.1338285207748413,nan,375.20059999951627,199,219,220,220,123,0,0
ablation,IMG_0265,no_nms,cabinet motion,noticeable,"Motion-softened view; lower left bullets outside frame, replaced with visible printed strokes.",Shi-Tomasi,gaussian_lowpass,3,False,0.6102564102564103,nan,1.125321865081787,nan,383.2394999999451,195,219,220,220,119,0,0
ablation,IMG_0265,no_nms,cabinet motion,noticeable,"Motion-softened view; lower left bullets outside frame, replaced with visible printed strokes.",SIFT,gaussian_lowpass,3,False,0.24444444444444444,0.6666666666666666,1.2974567413330078,0.4448004961013794,810.0735999996687,45,75,46,75,11,3,2
ablation,IMG_0266,full,warm aisle,low,"More distant view, warmer light, slanted page.",Sobel,gaussian_lowpass,3,True,0.6060606060606061,0.0,2.2895874977111816,163.95339965820312,366.99419999968086,36,33,39,33,20,2,0
ablation,IMG_0266,full,warm aisle,low,"More distant view, warmer light, slanted page.",LoG,gaussian_lowpass,3,True,0.7111111111111111,0.5,2.2449759244918823,3.8102855682373047,335.9833000004073,45,90,50,91,32,2,1
ablation,IMG_0266,full,warm aisle,low,"More distant view, warmer light, slanted page.",Harris,gaussian_lowpass,3,True,0.6428571428571429,nan,2.3458375930786133,nan,402.5555999996868,70,104,75,106,45,0,0
ablation,IMG_0266,full,warm aisle,low,"More distant view, warmer light, slanted page.",Shi-Tomasi,gaussian_lowpass,3,True,0.671875,nan,2.3445656299591064,nan,397.0902999999453,64,109,70,111,43,0,0
ablation,IMG_0266,full,warm aisle,low,"More distant view, warmer light, slanted page.",SIFT,gaussian_lowpass,3,True,0.5,0.5,2.6028127670288086,3.102999687194824,817.1959000001152,24,52,24,53,12,2,1
ablation,IMG_0266,no_pyramid,warm aisle,low,"More distant view, warmer light, slanted page.",Sobel,gaussian_lowpass,1,True,0.53125,0.0,2.186619758605957,163.95339965820312,269.1592999999557,32,32,35,32,17,2,0
ablation,IMG_0266,no_pyramid,warm aisle,low,"More distant view, warmer light, slanted page.",LoG,gaussian_lowpass,1,True,0.6578947368421053,0.5,2.230196475982666,3.8102855682373047,285.82040000037523,38,76,43,77,25,4,2
ablation,IMG_0266,no_pyramid,warm aisle,low,"More distant view, warmer light, slanted page.",Harris,gaussian_lowpass,1,True,0.6,nan,2.311286687850952,nan,332.23980000002484,60,90,66,91,36,0,0
ablation,IMG_0266,no_pyramid,warm aisle,low,"More distant view, warmer light, slanted page.",Shi-Tomasi,gaussian_lowpass,1,True,0.6274509803921569,1.0,1.9682403802871704,1.962213158607483,297.56780000025174,51,93,57,94,32,1,1
ablation,IMG_0266,no_pyramid,warm aisle,low,"More distant view, warmer light, slanted page.",SIFT,gaussian_lowpass,1,True,0.42857142857142855,1.0,2.635305166244507,1.0931881666183472,637.9849000004469,7,17,7,18,3,1,1
ablation,IMG_0266,no_frequency,warm aisle,low,"More distant view, warmer light, slanted page.",Sobel,none,3,True,0.6274509803921569,0.6666666666666666,2.1114561557769775,3.7561848163604736,74.55260000006092,51,76,56,76,32,3,2
ablation,IMG_0266,no_frequency,warm aisle,low,"More distant view, warmer light, slanted page.",LoG,none,3,True,0.6666666666666666,nan,2.1005970239639282,nan,71.200499999577,75,118,81,119,50,0,0
ablation,IMG_0266,no_frequency,warm aisle,low,"More distant view, warmer light, slanted page.",Harris,none,3,True,0.7362637362637363,0.0,2.4486520290374756,166.7523651123047,105.87440000017523,91,173,97,175,67,2,0
ablation,IMG_0266,no_frequency,warm aisle,low,"More distant view, warmer light, slanted page.",Shi-Tomasi,none,3,True,0.6179775280898876,0.0,2.6559741497039795,169.62013244628906,91.49280000019644,89,152,93,154,55,1,0
ablation,IMG_0266,no_frequency,warm aisle,low,"More distant view, warmer light, slanted page.",SIFT,none,3,True,0.6521739130434783,1.0,1.9207838773727417,0.9204644560813904,611.4086999996289,23,44,25,45,15,5,5
ablation,IMG_0266,no_nms,warm aisle,low,"More distant view, warmer light, slanted page.",Sobel,gaussian_lowpass,3,False,0.6778846153846154,nan,1.6160117387771606,nan,364.22899999979563,208,220,220,220,141,0,0
ablation,IMG_0266,no_nms,warm aisle,low,"More distant view, warmer light, slanted page.",LoG,gaussian_lowpass,3,False,0.5885416666666666,nan,1.5617258548736572,nan,358.8156000005256,192,213,220,220,113,0,0
ablation,IMG_0266,no_nms,warm aisle,low,"More distant view, warmer light, slanted page.",Harris,gaussian_lowpass,3,False,0.6086956521739131,nan,1.3063767552375793,nan,413.8881999997466,184,213,220,220,112,0,0
ablation,IMG_0266,no_nms,warm aisle,low,"More distant view, warmer light, slanted page.",Shi-Tomasi,gaussian_lowpass,3,False,0.5380434782608695,nan,1.1076996326446533,nan,377.1948000003249,184,211,220,220,99,0,0
ablation,IMG_0266,no_nms,warm aisle,low,"More distant view, warmer light, slanted page.",SIFT,gaussian_lowpass,3,False,0.2982456140350877,0.6666666666666666,2.4572150707244873,3.154392719268799,827.234899999894,57,83,57,84,17,3,2
ablation,IMG_0267,full,strong side view,mild,"Strong in-plane rotation, page curvature and shadow.",Sobel,gaussian_lowpass,3,True,0.6666666666666666,0.0,1.7796323895454407,160.9677276611328,356.69789999974455,32,27,34,27,18,1,0
ablation,IMG_0267,full,strong side view,mild,"Strong in-plane rotation, page curvature and shadow.",LoG,gaussian_lowpass,3,True,0.5675675675675675,nan,2.631850004196167,nan,358.0871999993178,37,59,43,60,21,0,0
ablation,IMG_0267,full,strong side view,mild,"Strong in-plane rotation, page curvature and shadow.",Harris,gaussian_lowpass,3,True,0.5789473684210527,nan,2.8932266235351562,nan,379.15109999994456,57,75,66,79,33,0,0
ablation,IMG_0267,full,strong side view,mild,"Strong in-plane rotation, page curvature and shadow.",Shi-Tomasi,gaussian_lowpass,3,True,0.5964912280701754,nan,2.7024911642074585,nan,375.9821000003285,57,75,65,76,34,0,0
ablation,IMG_0267,full,strong side view,mild,"Strong in-plane rotation, page curvature and shadow.",SIFT,gaussian_lowpass,3,True,0.45,0.5,2.6517863273620605,3.1611270904541016,768.5357000000295,20,49,21,50,9,4,2
ablation,IMG_0267,no_pyramid,strong side view,mild,"Strong in-plane rotation, page curvature and shadow.",Sobel,gaussian_lowpass,1,True,0.7272727272727273,0.0,2.143123745918274,160.9677276611328,288.1511000005048,30,22,31,22,16,1,0
ablation,IMG_0267,no_pyramid,strong side view,mild,"Strong in-plane rotation, page curvature and shadow.",LoG,gaussian_lowpass,1,True,0.5454545454545454,nan,2.3148891925811768,nan,289.6104999999807,33,51,37,52,18,0,0
ablation,IMG_0267,no_pyramid,strong side view,mild,"Strong in-plane rotation, page curvature and shadow.",Harris,gaussian_lowpass,1,True,0.5769230769230769,nan,2.786842465400696,nan,295.5319000002419,52,60,56,63,30,0,0
ablation,IMG_0267,no_pyramid,strong side view,mild,"Strong in-plane rotation, page curvature and shadow.",Shi-Tomasi,gaussian_lowpass,1,True,0.6,nan,2.676886558532715,nan,301.1894000001121,45,59,51,60,27,0,0
ablation,IMG_0267,no_pyramid,strong side view,mild,"Strong in-plane rotation, page curvature and shadow.",SIFT,gaussian_lowpass,1,True,0.5714285714285714,0.6666666666666666,2.15734326839447,2.04081654548645,616.8546999997488,7,31,7,32,4,3,2
ablation,IMG_0267,no_frequency,strong side view,mild,"Strong in-plane rotation, page curvature and shadow.",Sobel,none,3,True,0.5853658536585366,0.0,2.7406314611434937,160.9677276611328,68.93740000032267,41,52,48,52,24,1,0
ablation,IMG_0267,no_frequency,strong side view,mild,"Strong in-plane rotation, page curvature and shadow.",LoG,none,3,True,0.578125,nan,1.9297337532043457,nan,67.89939999998751,64,76,69,78,37,0,0
ablation,IMG_0267,no_frequency,strong side view,mild,"Strong in-plane rotation, page curvature and shadow.",Harris,none,3,True,0.5609756097560976,nan,2.721263885498047,nan,103.13089999999647,82,113,89,115,46,0,0
ablation,IMG_0267,no_frequency,strong side view,mild,"Strong in-plane rotation, page curvature and shadow.",Shi-Tomasi,none,3,True,0.5432098765432098,nan,2.4099714756011963,nan,98.04039999926317,81,83,87,87,44,0,0
ablation,IMG_0267,no_frequency,strong side view,mild,"Strong in-plane rotation, page curvature and shadow.",SIFT,none,3,True,0.6470588235294118,1.0,2.062757968902588,2.732118606567383,602.5330000002214,17,53,19,55,11,3,3
ablation,IMG_0267,no_nms,strong side view,mild,"Strong in-plane rotation, page curvature and shadow.",Sobel,gaussian_lowpass,3,False,0.41232227488151657,nan,0.6741875410079956,nan,347.53509999973176,211,220,220,220,87,0,0
ablation,IMG_0267,no_nms,strong side view,mild,"Strong in-plane rotation, page curvature and shadow.",LoG,gaussian_lowpass,3,False,0.58,nan,0.6937019526958466,nan,359.2903999997361,200,214,220,220,116,0,0
ablation,IMG_0267,no_nms,strong side view,mild,"Strong in-plane rotation, page curvature and shadow.",Harris,gaussian_lowpass,3,False,0.5608465608465608,nan,1.768484652042389,nan,387.16349999958766,189,212,220,220,106,0,0
ablation,IMG_0267,no_nms,strong side view,mild,"Strong in-plane rotation, page curvature and shadow.",Shi-Tomasi,gaussian_lowpass,3,False,0.526595744680851,nan,1.8503849506378174,nan,396.24839999942196,188,213,220,220,99,0,0
ablation,IMG_0267,no_nms,strong side view,mild,"Strong in-plane rotation, page curvature and shadow.",SIFT,gaussian_lowpass,3,False,0.33962264150943394,0.0,2.36502468585968,77.87643432617188,793.6748000001899,53,83,54,84,18,2,0
ablation,IMG_0268,full,strong side view,noticeable,"Strong rotation, softer image and rolled inner margin.",Sobel,gaussian_lowpass,3,True,0.34782608695652173,0.0,2.4408375024795532,155.62586975097656,365.1674999991883,32,23,34,25,8,2,0
ablation,IMG_0268,full,strong side view,noticeable,"Strong rotation, softer image and rolled inner margin.",LoG,gaussian_lowpass,3,True,0.43243243243243246,0.0,2.6284955739974976,157.25009155273438,363.30050000015035,37,57,41,59,16,1,0
ablation,IMG_0268,full,strong side view,noticeable,"Strong rotation, softer image and rolled inner margin.",Harris,gaussian_lowpass,3,True,0.5,nan,2.46651554107666,nan,393.68999999987864,60,73,68,77,30,0,0
ablation,IMG_0268,full,strong side view,noticeable,"Strong rotation, softer image and rolled inner margin.",Shi-Tomasi,gaussian_lowpass,3,True,0.5245901639344263,0.0,2.6246975660324097,330.7757873535156,398.3230000003459,61,65,65,66,32,1,0
ablation,IMG_0268,full,strong side view,noticeable,"Strong rotation, softer image and rolled inner margin.",SIFT,gaussian_lowpass,3,True,0.5,0.0,2.559034526348114,6.495292663574219,830.0951999999597,20,37,21,38,10,3,0
ablation,IMG_0268,no_pyramid,strong side view,noticeable,"Strong rotation, softer image and rolled inner margin.",Sobel,gaussian_lowpass,1,True,0.38095238095238093,0.0,2.554190516471863,155.62586975097656,295.4589999999371,30,21,31,22,8,2,0
ablation,IMG_0268,no_pyramid,strong side view,noticeable,"Strong rotation, softer image and rolled inner margin.",LoG,gaussian_lowpass,1,True,0.38235294117647056,0.0,2.4929990768432617,157.25009155273438,269.37720000023546,34,48,36,49,13,1,0
ablation,IMG_0268,no_pyramid,strong side view,noticeable,"Strong rotation, softer image and rolled inner margin.",Harris,gaussian_lowpass,1,True,0.5471698113207547,nan,2.5213215351104736,nan,320.17069999983505,53,64,57,67,29,0,0
ablation,IMG_0268,no_pyramid,strong side view,noticeable,"Strong rotation, softer image and rolled inner margin.",Shi-Tomasi,gaussian_lowpass,1,True,0.5416666666666666,0.0,2.336470365524292,330.7757873535156,313.6617000000115,48,56,52,57,26,1,0
ablation,IMG_0268,no_pyramid,strong side view,noticeable,"Strong rotation, softer image and rolled inner margin.",SIFT,gaussian_lowpass,1,True,0.42857142857142855,0.0,3.7775180339813232,22.305625915527344,609.6133999999438,7,22,7,23,3,2,0
ablation,IMG_0268,no_frequency,strong side view,noticeable,"Strong rotation, softer image and rolled inner margin.",Sobel,none,3,True,0.4418604651162791,nan,2.411740779876709,nan,71.74080000004324,43,45,47,45,19,0,0
ablation,IMG_0268,no_frequency,strong side view,noticeable,"Strong rotation, softer image and rolled inner margin.",LoG,none,3,True,0.515625,nan,1.922396183013916,nan,65.96280000030674,64,80,67,84,33,0,0
ablation,IMG_0268,no_frequency,strong side view,noticeable,"Strong rotation, softer image and rolled inner margin.",Harris,none,3,True,0.5308641975308642,nan,2.546862840652466,nan,111.41560000032769,81,123,90,126,43,0,0
ablation,IMG_0268,no_frequency,strong side view,noticeable,"Strong rotation, softer image and rolled inner margin.",Shi-Tomasi,none,3,True,0.45,nan,2.3407517671585083,nan,96.75630000037927,80,101,85,104,36,0,0
ablation,IMG_0268,no_frequency,strong side view,noticeable,"Strong rotation, softer image and rolled inner margin.",SIFT,none,3,True,0.5,1.0,2.1420634388923645,1.9703470468521118,651.8058999999994,16,39,18,40,8,2,2
ablation,IMG_0268,no_nms,strong side view,noticeable,"Strong rotation, softer image and rolled inner margin.",Sobel,gaussian_lowpass,3,False,0.17142857142857143,nan,0.882603794336319,nan,384.83129999985977,210,220,220,220,36,0,0
ablation,IMG_0268,no_nms,strong side view,noticeable,"Strong rotation, softer image and rolled inner margin.",LoG,gaussian_lowpass,3,False,0.37320574162679426,nan,0.6551201641559601,nan,353.79660000035074,209,215,220,220,78,0,0
ablation,IMG_0268,no_nms,strong side view,noticeable,"Strong rotation, softer image and rolled inner margin.",Harris,gaussian_lowpass,3,False,0.3826530612244898,nan,1.59340238571167,nan,401.3115999996444,196,211,220,220,75,0,0
ablation,IMG_0268,no_nms,strong side view,noticeable,"Strong rotation, softer image and rolled inner margin.",Shi-Tomasi,gaussian_lowpass,3,False,0.385,nan,2.015090227127075,nan,393.55199999954493,200,211,220,220,77,0,0
ablation,IMG_0268,no_nms,strong side view,noticeable,"Strong rotation, softer image and rolled inner margin.",SIFT,gaussian_lowpass,3,False,0.22641509433962265,0.0,2.1187736988067627,36.234127044677734,785.4361000008794,53,64,54,66,12,1,0
ablation,IMG_0269,full,strong side view,low,"Rotated side view, clearer than IMG_0268, substantial curvature near spine.",Sobel,gaussian_lowpass,3,True,0.5333333333333333,0.5,2.6802910566329956,82.26904296875,343.6088999997082,32,30,34,31,16,2,1
ablation,IMG_0269,full,strong side view,low,"Rotated side view, clearer than IMG_0268, substantial curvature near spine.",LoG,gaussian_lowpass,3,True,0.6216216216216216,nan,2.58743953704834,nan,358.3371000004263,37,61,43,66,23,0,0
ablation,IMG_0269,full,strong side view,low,"Rotated side view, clearer than IMG_0268, substantial curvature near spine.",Harris,gaussian_lowpass,3,True,0.509090909090909,nan,2.5772616863250732,nan,397.89099999961763,55,76,66,81,28,0,0
ablation,IMG_0269,full,strong side view,low,"Rotated side view, clearer than IMG_0268, substantial curvature near spine.",Shi-Tomasi,gaussian_lowpass,3,True,0.49056603773584906,nan,2.410197615623474,nan,376.3493999995262,53,80,65,81,26,0,0
ablation,IMG_0269,full,strong side view,low,"Rotated side view, clearer than IMG_0268, substantial curvature near spine.",SIFT,gaussian_lowpass,3,True,0.5,1.0,3.312896251678467,3.3541452884674072,830.949099999998,20,54,21,57,10,1,1
ablation,IMG_0269,no_pyramid,strong side view,low,"Rotated side view, clearer than IMG_0268, substantial curvature near spine.",Sobel,gaussian_lowpass,1,True,0.52,0.0,2.619263172149658,161.79676818847656,292.17849999986356,29,25,31,26,13,1,0
ablation,IMG_0269,no_pyramid,strong side view,low,"Rotated side view, clearer than IMG_0268, substantial curvature near spine.",LoG,gaussian_lowpass,1,True,0.625,nan,2.4316822290420532,nan,292.6668999998583,32,53,37,56,20,0,0
ablation,IMG_0269,no_pyramid,strong side view,low,"Rotated side view, clearer than IMG_0268, substantial curvature near spine.",Harris,gaussian_lowpass,1,True,0.4489795918367347,nan,2.616124987602234,nan,316.0164999999324,49,66,56,69,22,0,0
ablation,IMG_0269,no_pyramid,strong side view,low,"Rotated side view, clearer than IMG_0268, substantial curvature near spine.",Shi-Tomasi,gaussian_lowpass,1,True,0.5,nan,2.4113681316375732,nan,296.28499999944324,42,63,51,64,21,0,0
ablation,IMG_0269,no_pyramid,strong side view,low,"Rotated side view, clearer than IMG_0268, substantial curvature near spine.",SIFT,gaussian_lowpass,1,True,0.5714285714285714,nan,2.6702834367752075,nan,722.5199999993492,7,30,7,31,4,0,0
ablation,IMG_0269,no_frequency,strong side view,low,"Rotated side view, clearer than IMG_0268, substantial curvature near spine.",Sobel,none,3,True,0.5897435897435898,nan,2.6550238132476807,nan,85.49049999965064,39,47,48,50,23,0,0
ablation,IMG_0269,no_frequency,strong side view,low,"Rotated side view, clearer than IMG_0268, substantial curvature near spine.",LoG,none,3,True,0.5409836065573771,0.0,1.9806612730026245,162.74468994140625,87.92490000087128,61,79,69,84,33,1,0
ablation,IMG_0269,no_frequency,strong side view,low,"Rotated side view, clearer than IMG_0268, substantial curvature near spine.",Harris,none,3,True,0.5333333333333333,nan,2.4634071588516235,nan,122.45440000060626,75,121,89,123,40,0,0
ablation,IMG_0269,no_frequency,strong side view,low,"Rotated side view, clearer than IMG_0268, substantial curvature near spine.",Shi-Tomasi,none,3,True,0.4864864864864865,nan,2.810758590698242,nan,105.03710000011779,74,99,87,102,36,0,0
ablation,IMG_0269,no_frequency,strong side view,low,"Rotated side view, clearer than IMG_0268, substantial curvature near spine.",SIFT,none,3,True,0.7058823529411765,1.0,1.7373566627502441,2.6433520317077637,651.1519999994562,17,55,19,59,12,4,4
ablation,IMG_0269,no_nms,strong side view,low,"Rotated side view, clearer than IMG_0268, substantial curvature near spine.",Sobel,gaussian_lowpass,3,False,0.3581395348837209,nan,1.6879308223724365,nan,377.9741999996986,215,217,220,220,77,0,0
ablation,IMG_0269,no_nms,strong side view,low,"Rotated side view, clearer than IMG_0268, substantial curvature near spine.",LoG,gaussian_lowpass,3,False,0.4827586206896552,nan,1.6688960194587708,nan,376.4952000001358,203,212,220,220,98,0,0
ablation,IMG_0269,no_nms,strong side view,low,"Rotated side view, clearer than IMG_0268, substantial curvature near spine.",Harris,gaussian_lowpass,3,False,0.5469613259668509,nan,1.7663465738296509,nan,390.88450000053854,181,213,220,220,99,0,0
ablation,IMG_0269,no_nms,strong side view,low,"Rotated side view, clearer than IMG_0268, substantial curvature near spine.",Shi-Tomasi,gaussian_lowpass,3,False,0.4945054945054945,nan,1.8530570268630981,nan,402.97929999996995,182,211,220,220,90,0,0
ablation,IMG_0269,no_nms,strong side view,low,"Rotated side view, clearer than IMG_0268, substantial curvature near spine.",SIFT,gaussian_lowpass,3,False,0.33962264150943394,1.0,3.190635085105896,3.3541452884674072,805.4907999994612,53,87,54,91,18,1,1
